Komentar,Timestamp,Platform,Sentimen
"he cried for him career, not crying regret for Kim Saeron",2025-01-04 00:00:00,Tiktok,negatif
"plis deh dia nangis karena karir nya hancur, bukan karena Kim saeron",2025-01-04 00:00:00,Tiktok,negatif
"inget ya gays yg speak up bukan cuma keluarga mendiang Kim saeron, tapi juga kakanya mendiang Sulli yang di mana Sulli sendiri dia meninggal Uda lama,tiba² ikut speak up,jelas itu bukan tanpa alasan.",2025-01-04 00:00:00,Tiktok,netral
JUSTICE FOR KIM SOO HYUN ??????,2025-01-04 00:00:00,Tiktok,netral
akting nangisnya kayak di Queen of tears,2025-01-04 00:00:00,Tiktok,netral
"kata gua sihh udah, jngn sampe kim sohyun nyusul kim saeron",2025-01-04 00:00:00,Tiktok,positif
"drakor ""king of tears""",1931-03-01 00:00:00,Tiktok,netral
"KSH itu salah satu aktor yg dikenal dgn kemampuan nangisnnya tuh bisa mendalami peran dan dapet bgt, terbukti di bbrp drama nya. Jadi gausa heran aja ini jago bgt acting nangisnya",2025-03-01 00:00:00,Tiktok,positif
@Ayangku:Catet: dia bukan nangisin alm kim saeron ya. Dia nangisin karirnya yg hancur.,2025-01-04 00:00:00,Tiktok,negatif
aku dukung kim soo hyun,2025-01-01 00:00:00,Tiktok,positif
udahlah susul sana Kim saeron??,2025-02-04 00:00:00,Tiktok,negatif
pkknya dia hrus nyusulin kim saeron,2025-01-04 00:00:00,Tiktok,negatif
i support Kim Soo hyun ??,2025-03-04 00:00:00,Tiktok,netral
walaupun dia terbukti salah gua g tega liat dia kalo di kemudian hari dia nyusul kim saeron,2025-01-01 00:00:00,Tiktok,positif
Maaf Kim Soo Hyun saya sudah tidak percaya lagi sama laki2 yang menangis,2025-03-01 00:00:00,Tiktok,netral
"please stop bashing him, I think he deserve to save his career cuz he is a good actor, he and Kim saeron had a past,but it's a past not his fault,I guess it's the society around her not him",2025-07-04 00:00:00,Tiktok,positif
king of tears ??,2025-01-04 00:00:00,Tiktok,netral
support kim soo hyun,3d ago,Tiktok,positif
King of tears and drama??,2025-05-04 00:00:00,Tiktok,netral
"apenihh..
deleted scene of queen of tears yah?????????",2025-01-04 00:00:00,Tiktok,netral
"selama ini kemana bang, adakah hari2mu mengenang mendiang dan menangis tersedu-sedu seperti itu dan mengingat kim sae ron?",2025-02-04 00:00:00,Tiktok,netral
"If only ,there's a footage of Kim Saeron crying after her hardworks, read a message about her 700million debt, and no one beside her ???? it'll be another heartbreak scene for me after WLGYT",2025-01-04 00:00:00,Tiktok,netral
justice for kim soo hyun??????,2025-03-04 00:00:00,Tiktok,netral
wow bnr kah dia benar benar menangis? lalu saat kebumikan nya Kim saeron knp dia melakukan pesta? dan tidak mungkin dia tidak tau tentang meninggal nya seseorang itu? dan acara kebumikan nya seseorang itu haha,2025-01-01 00:00:00,Tiktok,negatif
"@-????????:plis deh dia nangis karena karir nya hancur, bukan karena Kim saeron",2025-04-01 00:00:00,Tiktok,negatif
"he cried for him career, not crying regret for Kim Saeron",2025-07-04 00:00:00,Tiktok,negatif
takut kim sohyun ku nyusul kim saeron?????? g bermaksud ngebela tapi takuttt ??????????????,2025-01-01 00:00:00,Tiktok,netral
"netizen bner"" jahat yaa,pas kim saeron msih idup klian hujat abis""an dia mau d sosmed atau real life dia depresi krn netizen,trs skrg klian hujat ksy,gila si emg",2018-04-01 00:00:00,Tiktok,netral
"he cri ed for him career not crying reget for kim saeron ,??????????????????????????????",2020-04-01 00:00:00,Tiktok,netral
"di aku ga cocok, bikin mual",1931-03-01 00:00:00,Tiktok,negatif
paling habis itu main blockblast dibelakang,1931-03-01 00:00:00,Tiktok,negatif
"ingat gaez, dia aktor termahal lho. actingnya tidak diragukan ??",1931-03-01 00:00:00,Tiktok,negatif
"dia nangis bukan karena menyesal, tp lebih ke takut kalo karirnya hancur",1931-03-01 00:00:00,Tiktok,negatif
Tenang setelah itu dia minum utk ngisi air matanya. ??,1931-03-01 00:00:00,Tiktok,negatif
sedang mempraktekkan akting terbaiknya,2025-03-01 00:00:00,Tiktok,negatif
Tahu tak apa yang lebih menyakitkan? The fact that the late Sae Ron probably cried like this too when she was lost ab the whole situation but none….NO ONE HEARD HER.,2025-01-04 00:00:00,Tiktok,negatif
masuk mobil langsung “SHIBALLLL”,2025-01-04 00:00:00,Tiktok,negatif
"yatuhan nangisnya sampe kaya gt?? okeoke dimaafin, dan aku yakin kim sae ron jg ud tenang di alam sana??",2025-01-01 00:00:00,Tiktok,negatif
"inimahhhh akting anjirrrrrrr??????firasat wanita selalu benar,percaya deh??",1931-03-01 00:00:00,Tiktok,negatif
DIA NANGIS KARENA MIKIRIN NASIB NYA BUKAN MIKIRIN MENDIANG KIMSAERON,2025-03-04 00:00:00,Tiktok,negatif
"minum dulu, haus.",2025-01-04 00:00:00,Tiktok,negatif
"i just knew he went inside his car, cleaned his tears and said ahh shibal ???? (2)",2025-01-04 00:00:00,Tiktok,negatif
bro berfikir sedang syuting,1931-03-01 00:00:00,Tiktok,negatif
Udh selesai trus masuk mobil shiballlll sekiyaaaaa????,1931-03-01 00:00:00,Tiktok,negatif
sedih gitu masih sempet hairdo ya bwanggg??????,1931-03-01 00:00:00,Tiktok,negatif
"guys remember, he's an actor",1931-03-01 00:00:00,Tiktok,negatif
king of tears just begin,1931-03-01 00:00:00,Tiktok,negatif
i support always Soo Hyun ??????????,1931-03-01 00:00:00,Tiktok,negatif
the king drama??,1931-03-01 00:00:00,Tiktok,negatif
"keren bgt aktingnya,dibunuh eps brp ?",1931-03-01 00:00:00,Tiktok,negatif
lagi akting,1931-03-01 00:00:00,Tiktok,negatif
"lagi syuting ""king of tears""",1931-03-01 00:00:00,Tiktok,negatif
i mean..hes an actor,2025-02-04 00:00:00,Tiktok,negatif
minum dulu supaya bisa one take ya ga belibet,1931-03-01 00:00:00,Tiktok,negatif
"People doubt his sincerity due to his acting background, but we can't judge him since we're not in his shoe.",2025-01-04 00:00:00,Tiktok,negatif
drama name?,1931-03-01 00:00:00,Tiktok,netral
tp knp dia br blg kalau dia prnh pacaran sm ksr? waktu itu agensinya GOLDMEDALIST itu bikin pernyataan dia gapernah pacaran sama ksr kan?,1931-03-01 00:00:00,Tiktok,negatif
judul drama?,1931-03-01 00:00:00,Tiktok,netral
LEBAY ANYING,1931-03-01 00:00:00,Tiktok,negatif
King of tears ????,1931-03-01 00:00:00,Tiktok,negatif
air mata 1M tiap episode,1931-03-01 00:00:00,Tiktok,negatif
Agus sediiiiih Agus sediiiih bangett,1931-03-01 00:00:00,Tiktok,negatif
"masing-masing perspektif aja, tapi menurutku setiap yang mempunyai kesalahan mereka punya kesempatan untuk berubah dan mereka berhak atas itu (untuk menebus kesalahannya).",1931-03-01 00:00:00,Tiktok,negatif
Tau kan kenapa dia jadi aktor termahal .. akting nangisnya gilee,1931-03-01 00:00:00,Tiktok,negatif
batuk saat Konferensi pers menurut psikolog,1931-03-01 00:00:00,Tiktok,netral
good acting ??,2025-01-04 00:00:00,Tiktok,positif
Don't judge people if you don't know the truth. ????,2025-01-04 00:00:00,Tiktok,positif
"pengen percaya, tapi dia aktor termahal .. ??",1931-03-01 00:00:00,Tiktok,netral
ulu ulu artis termahal nih boss wkwk,1931-03-01 00:00:00,Tiktok,negatif
Gue nunggu dugaan kim saeron punya sangkutan hutang dan ga pernah dibayar oleh agensi tapi ga ada klarifikasi nya sama sekali,2025-01-04 00:00:00,Tiktok,positif
"kalo nangis beneran biasanya muka, terutama idung sm mata merah gak sih??? apalagi kulitnya putih",1931-03-01 00:00:00,Tiktok,negatif
INI DRAMA JUDULNYA APA DEHH??,1931-03-01 00:00:00,Tiktok,netral
Drama king??,1931-03-01 00:00:00,Tiktok,netral
Good Acting,1931-03-01 00:00:00,Tiktok,positif
"masalahnya itu nangisnya tulus apa akting, soalnya kan pernah jadi aktor termahal",2025-01-04 00:00:00,Tiktok,netral
KEK NONTON KING OF TEARS HAHAHA,2025-01-04 00:00:00,Tiktok,negatif
Seeing him cry really breaks my heart????????,2025-02-04 00:00:00,Tiktok,positif
"baru kali ini liat KSH nangis, gaikutan nangis.",1931-03-01 00:00:00,Tiktok,netral
"Kereen kali ya actingnyaa,, ??",1931-03-01 00:00:00,Tiktok,positif
bagi dia dunianya runtuh tp bagi KSR dunianya berakhir benar benar berakhir??,1931-03-01 00:00:00,Tiktok,netral
I always support Soo hyun be strong ??????????,2025-03-04 00:00:00,Tiktok,positif
dia akting ga sii????,2025-01-04 00:00:00,Tiktok,netral
Ikut nangis krna gatau apa yg dia omongin anj????,1931-03-01 00:00:00,Tiktok,positif
semoga permintaan dia tulus dr dlm hati ????,2025-01-04 00:00:00,Tiktok,positif
"gw tuh orang nya curigaan, apalagi dia tuh aktor mahal????",1931-03-01 00:00:00,Tiktok,negatif
please don't cry ?? we are supporting you ??????,2025-03-04 00:00:00,Tiktok,positif
ini drakor kim soo hyun yg judulnya apaa,2025-01-04 00:00:00,Tiktok,netral
ini temen² kerja dia yg seprofesi gada yg ilfeel apa yaa sama kelakuannya si kim cangcut? gue liat nya aja muak anyinggg??,1931-03-01 00:00:00,Tiktok,negatif
"Biasanya klo kita lihat orang nangis jd pengen ikutan nangis, tp yg ini kok gak ya.. ??",1931-03-01 00:00:00,Tiktok,netral
"WOW , A HEARTLESS PLAYBOY CAN CRY , CRY",2025-03-04 00:00:00,Tiktok,negatif
di queen of tears aj dia nangis mulu?? pdhal jelas judulnya ap,2025-01-04 00:00:00,Tiktok,netral
drama name?,2025-02-04 00:00:00,Tiktok,netral
"kak drakor apa kak, baru kah ini??",1931-03-01 00:00:00,Tiktok,netral
i believe him??????,2025-01-04 00:00:00,Tiktok,positif
"tp emg actingnya bagus bgt, gue sedi bgtttt",1931-03-01 00:00:00,Tiktok,positif
keep strong oppa,1931-03-01 00:00:00,Tiktok,positif
hanya Tuhan yang tahu,2025-01-04 00:00:00,Tiktok,positif
king of tears??,2025-01-04 00:00:00,Tiktok,netral
"persis nangisnya kek di drama"" nya",1931-03-01 00:00:00,Tiktok,negatif
Inget dia dulu aktor bayaran termahal kack????????,1931-03-01 00:00:00,Tiktok,netral
reflek mual satu minggu,2025-01-04 00:00:00,Tiktok,negatif
playing victim,2025-01-04 00:00:00,Tiktok,negatif
dia kan aktor termahal ?? jelas nangisnya mendalami wkwk,2025-01-04 00:00:00,Tiktok,negatif
pinter banget aktingnya,2025-01-04 00:00:00,Tiktok,positif
I really don’t support SoHyun but here I don’t think he’s acting throughout the entire press. The things he said might be fake but the tears are real I guess. Cause his heart knows he’s anyhow a part of her death. He is hurt inside and is going thru a lot these days. Seeing everything what he has developed for ages colliding infront of his eyes in a minute is not easy tbh. So we can’t lose another person again. So let’s stop hating. He’s already suffering for his faults,2025-01-04 00:00:00,Tiktok,positif
dia aktor kak ingett itu,1931-03-01 00:00:00,Tiktok,netral
kaya lagi nonton drakor,2025-01-04 00:00:00,Tiktok,netral
justice for Kim soonghyun ???????,2025-01-04 00:00:00,Tiktok,positif
asli ga pernah se enegh ini,1931-03-01 00:00:00,Tiktok,negatif
?????: jir baru kali ini akting ga dibayar,1931-03-01 00:00:00,Tiktok,negatif
damn he cry’s better than me ??,2025-01-04 00:00:00,Tiktok,negatif
"Kasihan bgt sebenarnya liat kim soo hyun nangis sesegukan, gimana pun dia pernah aku gemari. dan saat itu aku juga blum knl kim sae ron, tpi begitu kasus kematiannya terumbar
sedih juga sihh.",2025-03-04 00:00:00,Tiktok,positif
"I support ""star kim soo hyun""",2025-03-04 00:00:00,Tiktok,positif
Don’t forget he’s an actor,2025-01-04 00:00:00,Tiktok,netral
Cut. Didn't have any feel. You should retake this scene again,2025-01-04 00:00:00,Tiktok,negatif
bukannya iba malah pgn nyirem air jir,1931-03-01 00:00:00,Tiktok,negatif
ini bts nya qot atau one ordinary day?,1931-03-01 00:00:00,Tiktok,netral
plot twis tiba²ikutin kim saeron????,2025-01-04 00:00:00,Tiktok,negatif
Nice acting??,2025-01-04 00:00:00,Tiktok,positif
mau percaya tapi dia aktor termahal,2025-01-04 00:00:00,Tiktok,netral
"be strong Sonn Hyun ??
Nepal",2025-02-01 00:00:00,Tiktok,positif
King of tears ini mahh??,2025-01-01 00:00:00,Tiktok,netral
"I really don’t understand what’s going on in Korea right now. After bullying Sea Ron to death, now Kim Soo Hyun is their next target? This level of toxicity is unbelievable.",2025-05-01 00:00:00,Tiktok,netral
always keep strong baby????,2025-01-01 00:00:00,Tiktok,positif
Setelah konferensi press “gimana acting nangis gw meyakinkan gk”,1931-03-01 00:00:00,Tiktok,negatif
"omg diaa belum stress gaess, rambut nya masi rapih dan kulit nya masi bersinarr",2025-01-01 00:00:00,Tiktok,negatif
persis kek dia lg masn drakor,2025-03-01 00:00:00,Tiktok,negatif
"Before this, everyone hated Sae-ron no one defended her, like literally NO ONE But now? Suddenly full of sympathy. Where were you before? Do people have to die first to be treated with kindness?",2025-01-01 00:00:00,Tiktok,positif
judul drama?,1931-03-01 00:00:00,Tiktok,netral
CUT!!!! King of tears ??,1931-03-01 00:00:00,Tiktok,netral
ini episode berapa dia dibunuh??,2025-01-04 00:00:00,Tiktok,netral
"new drama coming soon ""KING OF TEARS""",2025-01-04 00:00:00,Tiktok,netral
King of tears lol,1931-03-01 00:00:00,Tiktok,negatif
even aktor termahal pun ga bisa acting menyerupai diri sendiri??,1931-03-01 00:00:00,Tiktok,netral
l Support you Kim so hyun ????????,2025-03-04 00:00:00,Tiktok,positif
ga pernah se muak ini sama org ganteng ??,2025-01-04 00:00:00,Tiktok,netral
jangan lupa dia aktor terbaik di korea,1931-03-01 00:00:00,Tiktok,netral
Which series has performed very well?,2025-01-04 00:00:00,Tiktok,positif
Aktor mah acting nya warrrrrrrrbiasaahh???,1931-03-01 00:00:00,Tiktok,netral
"Outfit udah, hair do udah, make up udah on, Best semua. Script OK, acting nangis perfect bgd akhirnya lanjutan Queen of tears ada yaitu ""King of tears""",2025-01-04 00:00:00,Tiktok,positif
Inget ya dia aktor bayaran termahal!!! Jadi jangan di ragukan lagi kalo masalah akting,2025-01-04 00:00:00,Tiktok,netral
Air mata buaya..,1931-03-01 00:00:00,Tiktok,netral
I believe him.,2025-01-04 00:00:00,Tiktok,netral
aktingnya bagus bat,1931-03-01 00:00:00,Tiktok,netral
mau kasian tapi bingung dia nangis beneran apa acting,1931-03-01 00:00:00,Tiktok,netral
"people today are so quick to judge based on what they have read, heard, or seen. we were never part of their relationship, so who are we to judge them? we don't even know the whole story!",2025-05-04 00:00:00,Tiktok,positif
The king of tears ????,2025-01-04 00:00:00,Tiktok,netral
gue gak bisa bedain dia nangis beneran apa enggak soalnya kayak sama banget sama nangisnya dia yang di drama??,2025-01-04 00:00:00,Tiktok,netral
sedang melakukan pekerjaan nya.. good job ..,1931-03-01 00:00:00,Tiktok,positif
"beneran nangis kok gais ini ,tpi nangis krn ketahuan :v",2025-01-04 00:00:00,Tiktok,netral
namanya booming karena akting nangisnya di Moon Embraces the Sun tahun 2012 lalu ingat banget sampai jd drama nasional rating 40% lebih jg disebar k bbrp negara. Makanya dia disebut salah satu Hallyu star,1931-03-01 00:00:00,Tiktok,netral
good job actingnya gausa diragukan lg yah,1931-03-01 00:00:00,Tiktok,positif
sedih banget sampe pengen kentut,1931-03-01 00:00:00,Tiktok,netral
manipulatif,2025-01-04 00:00:00,Tiktok,netral
duh makasih udah effort nangis tapi aku ga kasian ??,2025-01-04 00:00:00,Tiktok,negatif
queen of tears ? king of tears ?,2025-01-04 00:00:00,Tiktok,netral
king of tears,2025-01-04 00:00:00,Tiktok,netral
mau kasihan tapi dia jago acting ??,2025-01-04 00:00:00,Tiktok,netral
"akting nya bgs, pantes aktor termahal..",2025-01-04 00:00:00,Tiktok,netral
ko aku gak sedih ya malah sedih liat woon bin memandang foto mending KSR pas melayat,1931-03-01 00:00:00,Tiktok,netral
knp ya aku liat aktor/artis nangis kurang percaya??,1931-03-01 00:00:00,Tiktok,netral
Gabisa bedain nangis benerannya sama akting ????????,1931-03-01 00:00:00,Tiktok,netral
ingat ya dia aktor terbaik dan termahal di Korea ?? mna yg real dan fake gak bisa kita bedakan ??,2025-03-04 00:00:00,Tiktok,negatif
maluuu ihhh,2025-02-04 00:00:00,Tiktok,netral
"We want justice for Kim Sae Ron. If you don't plan on ruining her life, then find evidence that you didn't do it. Don't just cry.",2025-02-04 00:00:00,Tiktok,netral
"busuk bener hati ini
""ingat, dia aktor....nangis seperti ini udah jadi harian""????",2025-01-04 00:00:00,Tiktok,netral
ingat ya DIA AKTOR. Akting nangis mah udah biasaaaaaa??,2025-01-04 00:00:00,Tiktok,netral
"Kasihan sih, tp lebih kasihan ke sae ron??",2025-01-04 00:00:00,Tiktok,netral
Dari dulu lo emang paling jago acting nangis????????????,2025-01-04 00:00:00,Tiktok,netral
Oppa aku lbh respect kamu tulus minta maaf ke keluarga,1931-03-01 00:00:00,Tiktok,netral
ini eps brp ya?,1931-03-01 00:00:00,Tiktok,netral
the real drama king,1931-03-01 00:00:00,Tiktok,positif
tayang dmn ini dramanya?,1931-03-01 00:00:00,Tiktok,netral
ini nangis bener atau akting ya? soalny kan aktor mahal,1931-03-01 00:00:00,Tiktok,netral
I'm not defending anyone but you guys are jumping to conclusions without knowing the truth. stop taking up other peoples problems on your heads.,2025-03-04 00:00:00,Tiktok,negatif
"jan terkecoh gais, dia aktor wajar nangisnya menghayati??",2025-02-04 00:00:00,Tiktok,netral
jangan lupa yang dia actor ??,2025-01-04 00:00:00,Tiktok,netral
ini eps brpa ya,2025-01-04 00:00:00,Tiktok,netral
"pas pacaran ama kim sae ron dia emang pacaran sama sohee wonder girls sekitaran tahun 2017, udah jadi rahasia umum dia selalu bolak balik apartemen sohee",6d ago,Tiktok,netral
ahn so hee be like : bjirrr gue dibawa-bawa lagi hidup tenang2 nya ??,4d ago,Tiktok,netral
support Kim Soo Hyun ??,6d ago,Tiktok,netral
Lawannya kuat ya bakal kalah pihak sae ron,6d ago,Tiktok,netral
Star kim soo hyun??,6d ago,Tiktok,netral
lebih drama dari dramanya hybe njirr????,6d ago,Tiktok,netral
sohee wonder girls. ada beritanya,4d ago,Tiktok,netral
STaR kiM sOoHyuN ??,6d ago,Tiktok,netral
kim sae ron mengadu langsung ke pusatya,6d ago,Tiktok,netral
A itu ahn soo hee ex wonder girl yg dr idol jd aktris (maen film di train to busan) zaman it emang lg trkenal bgt wonder girl krn lagunya No body dll,6d ago,Tiktok,netral
emang pernah denger dia pernah pacaram sama sohee wonder girls. Selingkuh gitu??,6d ago,Tiktok,netral
tetap semangat Kim Soo Hyun ????????,4d ago,Tiktok,netral
support Kim Soo Hyun ??,6d ago,Tiktok,netral
Sulli kah? Eh,5d ago,Tiktok,netral
Star kim soo hyun,6d ago,Tiktok,netral
kimsoohyun ??????????,6d ago,Tiktok,netral
tim yang dukung kim Soo Hyun terus.,6d ago,Tiktok,netral
Always support Kim Soohyun ????????,4d ago,Tiktok,netral
KimSooHyun ??????,5d ago,Tiktok,netral
Lebih percaya KSR dr pada KSH ... sorry ??????,6d ago,Tiktok,negatif
byk alasan,6d ago,Tiktok,netral
"padahal masalahnya tuh ksh tuh pacaran sama bocil, masalah pacarnya/mantanya mereka siapa tuh kita ga peduli.",6d ago,Tiktok,netral
"HAHAHA kalo knetz udah jengkel jgn harap bisa eksis seperti semula, bakal dibahas 7 turunan?? yg punya skandal cinta sebelum debut aja diserang abis abisan, apalgi ini berhubungan dengan nyawa????",6d ago,Tiktok,positif
"2017-2019 pacaran sama orang lain, tpi di taun 2018 kirim surat ke KSR bilang merindukan mu, Hebat deh pokoknya KSH tuh",6d ago,Tiktok,netral
ga kelar kelar njirrr udah abis lebaran jugaa??????,6d ago,Tiktok,netral
Udah episode berapa ini? Lama amat ga tamat2,6d ago,Tiktok,netral
"hehe gede juga duit ini orang muter2 aja terus dari mengelak terus mengakui, terus keciduk dan klarifikasi, mengelak lagi mengakui lagi, muter2 lagi, terus aja gitu",6d ago,Tiktok,netral
"lebih masuk akal ini,kalo Garo lovers masih percaya junjungannya yaa itumah hak kalian.dan kebenaran,lambat laun pasti kebongkar baik dari pihak Soohyun/mending tenang aja tuhan gak tidur.",6d ago,Tiktok,netral
muterr aja teros ??,6d ago,Tiktok,netral
Tetap kuat oppakuu??,6d ago,Tiktok,netral
"tetep semangat somen, perlahan tapi pasti kebenaran akan menemukan jalannya, kmu hanya perlu berjuang lewat jalur hukum",6d ago,Tiktok,netral
bukan kemarin berita nya punya banyak selir ya? ya itu mungkin selir nya ga sih ??,6d ago,Tiktok,netral
tadi baca katanya mantan ksh yang ini bakal bantu jadi saksi pas persidangan nanti.semoga secepatnya ada titik terang,6d ago,Tiktok,netral
ga kelar2 jg ni kim dangdut,6d ago,Tiktok,netral
Fighthing soohyun????,6d ago,Tiktok,netral
"apa lagi ini..dgn up pacar lain biar di kasihani dunia,supaya segera comeback..gitu",6d ago,Tiktok,netral
Dia jagonya akting nangis??,6d ago,Tiktok,netral
aku lbh mndukung KSH lh.,6d ago,Tiktok,netral
gak percaya keluarganya alm ksr lebih percaya bukti dipengadilan ??,6d ago,Tiktok,netral
"KSH nih salah nya adalah pas dulu foto kesebar ga ngakuin, makanya sampai sekarang masih banyak yang raguu",6d ago,Tiktok,netral
TDK perna semuak ini lihat aktor korea??,6d ago,Tiktok,netral
inti nya yang tahu kalo bukan sahabat dekat nya Yo keluarga yang jadi tempat curhat KSR,6d ago,Tiktok,netral
Tebak berapa kali beliau bilang star ksh??,6d ago,Tiktok,netral
pantas jadi aktor bayaran termahal??,6d ago,Tiktok,netral
pokoknya klo GK ngaku ksh GK kan tamat deh ini,6d ago,Tiktok,netral
"karna rasa gantengg, pasti pacarnya tdk cuma kSR aja.selain KSR mash ada 2 atau 3 pacarnya KSH",6d ago,Tiktok,netral
masih sibuk bersih2,6d ago,Tiktok,netral
"wessss mbuh sakarepmu KSH,,",6d ago,Tiktok,netral
eps berapa sudah nih????,6d ago,Tiktok,netral
dia yg nanges gue yg malu??????,6d ago,Tiktok,netral
"udeh ah biarin dah dia mau pacaran ama siapa kek, bosen beritanya dia mulu",6d ago,Tiktok,netral
gua udah eneg ngikutin kasus ini ga kelar kelar. nunggu ending ajadah????,6d ago,Tiktok,netral
"kayaknya pengalihan biar gk ketahuan suka sama cewek yg paling muda kayak KSR,son yeonjae yg atlet msh dbawah umur deh",2d ago,Tiktok,netral
sakit,4d ago,Tiktok,netral
disini ak kasian Ama alm????????????keluarganya kok malah gini,4d ago,Tiktok,netral
pantengin trs gys jgn sampe tenggelem???? udh sebulan ga dgr ni kasus djkwjdnjwidjdnheh,5d ago,Tiktok,netral
tangisan laki2 Redlag ??????,5d ago,Tiktok,netral
Ga selesai selesai bejir,5d ago,Tiktok,netral
"BW cabang Korea, mana profesinya bener² Actor, Produser, Penulis dsb??",6d ago,Tiktok,netral
"Kau terlalu lama mengulur waktu mu, Aq jd capee dehhhh...
Eeddeeeehhh,,, berputar² muluuuu, kpn nie ""story end"" ?
???????????????",6d ago,Tiktok,netral
ututu jgn nanges star ksh,6d ago,Tiktok,netral
kemaren sempet ngebatin kok kasus nya tenggelem. nah ini keluar lagi??,6d ago,Tiktok,netral
"lebih percaya orang yang ada di situasi sebenarnya bukan berdasarkan katanya"" doang. kalau emang bener dan fakta mana yang kemarin koar"" sekarang ngilang yaa",6d ago,Tiktok,netral
kasian uri star kim sohyunn oppaa????????????????????,6d ago,Tiktok,netral
Susah bgt emng ngebuktiin biar waktu yg menjawab,6d ago,Tiktok,netral
"iya semua di pacariiinnn, ya elahhh mau nyelamatin diri malah blunder.",6d ago,Tiktok,netral
@wonu:byk alasan,6d ago,Tiktok,netral
kakean skandalll,6d ago,Tiktok,netral
semangat ksh???? saya slalu mendukungmuu.. always support,6d ago,Tiktok,netral
Kasus ini kaga kelar2 sampai skrg? ????,6d ago,Tiktok,netral
Lah katanya udah vakum masih aja ada aja brita ttg dia,6d ago,Tiktok,netral
Intinya pacarnya 2 ??,6d ago,Tiktok,netral
"namanya cowo , pacarnya mgkn lebih dari 1 wkwk",6d ago,Tiktok,netral
dari bulan puasa sampe lebaran udah lewat belum selesai-selesai ????,6d ago,Tiktok,netral
berarti dia selingkuh ya,6d ago,Tiktok,netral
wes karep mu somen somen,6d ago,Tiktok,netral
"yakin bgt ni kasus lama"" bakal ketutup ??",6d ago,Tiktok,netral
au ahh capekk,6d ago,Tiktok,netral
Ótimo ator. O verdadeiro rei das lágrimas. ????,5d ago,Tiktok,netral
Merci mon dieu la vérité commence à être révélée,6d ago,Tiktok,netral
??????KSHY,6d ago,Tiktok,netral
Estamos contigo Kim Soo-hyun ??????...jamás dude de ti ??...Los tiempos de Dios son perfectos,6d ago,Tiktok,netral
ke 2 sapa,6d ago,Tiktok,netral
wkwk foto udah ada... berarti gosip KSH selingkuh mah bener juga,6d ago,Tiktok,netral
halahh,6d ago,Tiktok,netral
akting ini,6d ago,Tiktok,netral
"alasan,brapa ko byr dispatch sana srh kuar news ni?",6d ago,Tiktok,netral
@putri???,6d ago,Tiktok,netral
??,2d ago,Tiktok,netral
??,5d ago,Tiktok,netral
??,6d ago,Tiktok,netral
??????,6d ago,Tiktok,netral
??,6d ago,Tiktok,netral
??????,6d ago,Tiktok,netral
gebrakan baru,6d ago,Tiktok,netral
??????,4d ago,Tiktok,netral
[photo],6d ago,Tiktok,netral
mamang cengcut dan ART nya kalau urusan rekayasa EMG jagi bet njirrr,6d ago,Tiktok,netral
Artinya di selingkuhi saeron dong ??????,6d ago,Tiktok,netral
dia pacarin dua2nya tuh. dasar shiiiii%#$*$>$&$*#,6d ago,Tiktok,netral
brarti dia pacarnya banyak dong di satu waktu,6d ago,Tiktok,netral
"Gue tetap support ksh sj soalnya dia kan yg msh hidup dan tau segalanya,ngapain percaya org lain yg tdk menjalaninya ???? klo mau bersihkan nama ksr ya di mulai dari menuntut org yg membully ????",6d ago,Tiktok,netral
"gw g ngerti pola pikir haters KSH. yg blg pedof lah, ini lah. udh jelas2 alm yg kebucinan sm KSH. minimal brpikirlah ini bkn salah KSH total",6d ago,Tiktok,netral
spill lg dong garosero,6d ago,Tiktok,netral
"Satu hal yg aq tau faktanya, sebelum KSR meninggal, mendiang gepost story di IGnya ""Foto nempel pipi KSH sm pipi KSR"" udah fakta jelas itu. Krn KSR udah meninggal so KSH putar balik fakta gmn caranya.",6d ago,Tiktok,netral
semangat kim soo hyun. garong beserta si dukun dan mak sae ron masukin penjara aja.,6d ago,Tiktok,netral
cape anjiir liat ni org??,6d ago,Tiktok,netral
ksh selingkuh ps pcrn sma ksr liat aja ignya panncafe,6d ago,Tiktok,netral
"lahhh lu pikir surat Ama foto nya palsu kahh, dia pacaran SMA ksr terus pacaran juga sama org lain selir dia kan banyak ??",6d ago,Tiktok,netral
air mata buaya????????,6d ago,Tiktok,netral
astagaa masi juga di kasih panggung nih kim cangcut,6d ago,Tiktok,netral
"inti dari prmasalahan ini KSH pacaran sm anak dibawah umur.. bnyk bnget alibinya si kim diddy inu, buat nutupin groming child??",6d ago,Tiktok,netral
"lawan artis berduit ya jelas lah kalah,lo nangisin apa KSH ??",6d ago,Tiktok,netral
Dari pada penasaran mending ketik digoogle GASBOS sekarang juga,4d ago,Tiktok,netral
Tetep aja ngeyel,5d ago,Tiktok,netral
jadi ketahuan kan klo ksh selingkuh????,5d ago,Tiktok,netral
Muak bgt akun fansnya masih ngerasa dia gak salah apa apa woi,6d ago,Tiktok,netral
"kamu kan selir nya banyakk sohyunnn, termasuk aku jga
tapi karena kamu redflag aku sudah mengundurkan diri ????
byeeee",6d ago,Tiktok,netral
bisa ga sih lu stop bilang STAR STAR STAR mentang mentang pernah jadi alien ?? npd anjay ??,6d ago,Tiktok,negatif
what goes comes around Kim searon has two sisters but if it's true that family just framed him i swear one day they will harvest what their mother sow,6d ago,Tiktok,positif
you people you just don't want truth that's why you are working hard to ruin him,6d ago,Tiktok,negatif
"Kan dari awal juga udah di spill ama garosero dan keluarganya KSR, kalo Kim Cha Bule ini punya banyak selir versi walid korea ????",6d ago,Tiktok,netral
"Katanya ksh berpacaran sekali pacaran 2or 3 wanita dia pacaran sekaligus, makanya waktu prescon dia bilang kalau waktu di undur dia tetap sembunyikan hubungan dia & ksr. Karena ada yang Harus dia jaga",6d ago,Tiktok,netral
Terdesak sdh ksh sbb takut kena penjara couple budak bawa umur,6d ago,Tiktok,netral
espero que no sea con una menor de edad todo es posible por dinero baila el diablo que no hacen para tapar sus fechorías,4d ago,Tiktok,netral
Justiça a Kim sae ron ??????,5d ago,Tiktok,netral
anjirrr kim cangcut gua ga expect ampe kek fifty shades,2024-03-01 00:00:00,Tiktok,netral
jgn jgn dia suka gaya kyk Mr.grey !,2024-03-01 00:00:00,Tiktok,netral
mnurut ku ini bukan antara keluarga KSR sama KSH tpi lebih k.antara Garo sero sama KSH dah kya ny ad dndam pribadi ??,2024-03-01 00:00:00,Tiktok,netral
Gue akuin berani bgt garosero ini.. smg ngana aman2 aja pak. Gatau jg ini bener ato ga. Tp kalo emg bener duhh syok bgt ya,2024-03-01 00:00:00,Tiktok,netral
"gua masih berpikir keras, Garo sero kok tau semua? dia ngintip tiap mreka lagi mabar kah?",2025-03-01 00:00:00,Tiktok,netral
"Garo sero harus pekerjakan translator konser Indo, biar +62 paham secepet kilat??",2024-03-01 00:00:00,Tiktok,netral
"garosero bisa ga sehari uploadnya 2 gitu..
soalnya mau lebaran. ntar lebaran pulang kampung susah sinyal????",2024-03-01 00:00:00,Tiktok,netral
plis link YouTube Garo sero mana soalnya kalo search namanya gada,2024-03-01 00:00:00,Tiktok,netral
AKU KALO JADI GARO SERO LANGSUNG KU UPLOAD VIDEO ITU,2024-03-01 00:00:00,Tiktok,netral
menyala garo sero??????,2024-03-01 00:00:00,Tiktok,netral
"kalau misal abang garo sero ini ngasih informasi palsu/fitnah, knp ksh dan agensinya gak nuntut garo sero? berarti fakta dong",2024-03-01 00:00:00,Tiktok,netral
"sumpah Garo sero tuh makin ke sini makin ke sana,niat nya udah jelas bikin nama baik Soo Hyun jadi jelek",2024-03-01 00:00:00,Tiktok,netral
takut banget Garo sero ilang,2024-03-01 00:00:00,Tiktok,netral
garo sero faightinggg usut sampai tuntas,2024-03-01 00:00:00,Tiktok,netral
gw suka garo sero dengan plat orange di kepala nyaa,2024-03-01 00:00:00,Tiktok,netral
garo sero termasuk hebat barani dia lawan soon ga ada takutnya gas trus sero selama itu benar,2025-03-01 00:00:00,Tiktok,netral
gas terus garo sero,2024-03-01 00:00:00,Tiktok,netral
Bdsm,2028-03-01 00:00:00,Tiktok,netral
Maksudnya ini bdsm?,2026-03-01 00:00:00,Tiktok,netral
hahhhh????? bdsm?????????,2026-03-01 00:00:00,Tiktok,netral
. Astaga keinget fifty shades ?? ?,2026-03-01 00:00:00,Tiktok,netral
bdsm?? ?? damn,2025-03-01 00:00:00,Tiktok,netral
K.diddy to fifty shades of grey kim so hyun????????????,2025-03-01 00:00:00,Tiktok,netral
oh bdsm,2026-03-01 00:00:00,Tiktok,netral
makin kesini makin sru dengan berita bru garo sero oy??,2025-03-01 00:00:00,Tiktok,netral
Bdsm jir,2024-03-01 00:00:00,Tiktok,netral
si ksh beneran dikulitin bjir sama si bapak garo sero wkwk,2025-03-01 00:00:00,Tiktok,netral
"bro lah, kata gua mahh garo sero ga main"", keluar lu sohnyap??",2025-03-01 00:00:00,Tiktok,positif
kok jd mirip fifty shades of grey??,2026-03-01 00:00:00,Tiktok,netral
"soohyun tolong dibantah,aku mau liat video yg ini wkwkw",2024-03-01 00:00:00,Tiktok,netral
sutradara taxi driver: catat2,2024-03-01 00:00:00,Tiktok,netral
btw berita nya rada redup ga sih????,2024-03-01 00:00:00,Tiktok,netral
kok sampe skrng dari pihak ksh bener2 gaada omongan apa2 ya?,2024-03-01 00:00:00,Tiktok,netral
"gue ngeri ini bapak² tiba² ""hilang""",2024-03-01 00:00:00,Tiktok,netral
anjj gw lngsung paham??,2024-03-01 00:00:00,Tiktok,netral
Lain kali pake translate apaaa??,2024-03-01 00:00:00,Tiktok,netral
"yg di film real memang jiwa Kim cangcut??, merinding sebadan gue",2024-03-01 00:00:00,Tiktok,positif
"gua sampe jenuh ngikutin kasus ini, tapi klo ga ngikutin jadi penasaran????",2024-03-01 00:00:00,Tiktok,netral
"Garosero jgn kelamaan intro ngapa, up aja up?? penasaran banget hihiw",2024-03-01 00:00:00,Tiktok,netral
Kayaknya dia semuak itu sm ksh ??,2024-03-01 00:00:00,Tiktok,netral
"Ayoo bantahhh soohyun??, biar liat update poto video terbaru dari garosero????",2024-03-01 00:00:00,Tiktok,netral
"om Garo om Garo, langsung spill aja dh klo benar emang ada video nya",2024-03-01 00:00:00,Tiktok,netral
"Demi apa aku malah takut Garosero hilang ??
soalnya yg di lawan bukan orang sembarangan. semoga senantiasa slalu dalam lindungan Tuhan. suarakan kebenaran ??",2024-03-01 00:00:00,Tiktok,netral
"garongsero suka fitnah orang ya.. ga nyambung banget, om.. apa hubungannya?",2024-03-01 00:00:00,Tiktok,netral
"KSH kamu harus bantah ini please, biar videonya dirilis garosero hahaha??????",2024-03-01 00:00:00,Tiktok,positif
"tolong banget ini mah, dia mirip yang ada di drakor apa gitu lupa???? mirip banget??",2024-03-01 00:00:00,Tiktok,netral
kim sae Ron benerann hamil? ??,2024-03-01 00:00:00,Tiktok,netral
JANGAN BILANG ADA VIDEONYA ???? YA TUHAN KALAU IYA GAK TAHU LAGI JIR MAU KAGETNYA BAGAIMANA,2024-03-01 00:00:00,Tiktok,netral
JUSTICE FOR KIM SAERON JUSTICE FOR GAROSERO????????,2024-03-01 00:00:00,Tiktok,netral
ayooo terus dukung soohyun biar tetap tampil di publik!!! Aku masih pengen liat spill an garosero soalnya ??????,2024-03-01 00:00:00,Tiktok,netral
"ok aku paham . ????
memang lebih menyenangkan semacam itu sih ????",2024-03-01 00:00:00,Tiktok,positif
"gara2 KSH gua sampe nonton fifty shades barusan hanya buat mengerti maksud dari video ini, dan yaps gua tidak kuat tidak ku tonton filmnya sampai habis ????",2024-03-01 00:00:00,Tiktok,netral
"inget waktu dia ditanya mau nikah umur brp, dia blg nikah diumur 40 dengan wanita umur 20an, agak shikshakshok, dari situ aja udah agak laen ??",2024-03-01 00:00:00,Tiktok,netral
gw pamit duluan deh guys dari kasus ini soalnya sibuk bikin nastar????,2024-03-01 00:00:00,Tiktok,netral
50 shades of ??,2024-03-01 00:00:00,Tiktok,netral
"ga paham, maksudnya apa sih? ??
(tolong dijawab dengan serius yh)",2024-03-01 00:00:00,Tiktok,netral
#justiceforkimsaeron #justiceforsulli #womensupportwomen,2024-03-01 00:00:00,Tiktok,netral
what is the relationship between KSR's reputation and KSH? I mean it wasn't KSH who destroyed his reputation since before the parents revealed their relationship no one knew ???????,2024-03-01 00:00:00,Tiktok,negatif
berarti peran KSH difilm real bersma Sulli karakternya persis direal lifenya??,2024-03-01 00:00:00,Tiktok,positif
fifty shades of soo hyun,2024-03-01 00:00:00,Tiktok,netral
jdi Sae-ron masih kecil udh D gitu2in ksh?,2024-03-01 00:00:00,Tiktok,netral
lindungin dia weh takut tetiba hilang ??,2024-03-01 00:00:00,Tiktok,netral
kasian saeron kalo sampe sejauh ini yang di ungkap??,2024-03-01 00:00:00,Tiktok,netral
kenapa ga dicari aja yg katanya mantan suami nya kalo emang ada beneran... trus tanyain kebenaran nya,2024-03-01 00:00:00,Tiktok,netral
"I WOMEN, I STAND FOR SAERON??",2024-03-01 00:00:00,Tiktok,netral
tolong tetap membantah ??,2024-03-01 00:00:00,Tiktok,netral
maksudnya gmna nih? kurang paham ??????,2024-03-01 00:00:00,Tiktok,netral
sesungguhnya puasane batal ora ghibahin kim soo hyun??,2025-03-01 00:00:00,Tiktok,netral
baru jg q tinggal angetin kuah soto eh udah ketinggalan aja ni q ma episode hr ini??makin rame aja ni drama in real life??,2024-03-01 00:00:00,Tiktok,positif
tolong di bantah soalnya saya penasaran sm video yg ini awokwok,2025-03-01 00:00:00,Tiktok,netral
"langsung paham si??, kasian gadis kecilku yang malang ??",2024-03-01 00:00:00,Tiktok,netral
ok ketiga deh,2024-03-01 00:00:00,Tiktok,positif
pokoknya kalo team garosero hilang..tau kan pelaku nya ????,2024-03-01 00:00:00,Tiktok,netral
"Pasti pas muda dia tampan dan gagah banget, keliatan soalnya ????",2024-03-01 00:00:00,Tiktok,netral
DEMI TUHAN GAPAHAMM??????,2025-03-01 00:00:00,Tiktok,netral
tkut dia ditmbk ato diapain krna brni bgt bongkar,2025-03-01 00:00:00,Tiktok,netral
klo KSR sudah menikah seharusnya suaminya hadir ke rumah duka juga,2024-03-01 00:00:00,Tiktok,netral
#justiceforsaeron,2024-03-01 00:00:00,Tiktok,netral
"#STOPCYBERBULLYING
#STOPCANCELCULTURE
#JUSTICEFORKIMSOOHYUN",2024-03-01 00:00:00,Tiktok,netral
warna Ikat Kepalanya Sama Kayak warna Celana dalam Kim Cangcut??,2024-03-01 00:00:00,Tiktok,netral
kim cangcutt udah ih maluuu ????,2029-03-01 00:00:00,Tiktok,netral
taxi driver : beuh kasus men,2024-03-01 00:00:00,Tiktok,netral
"WEYY LEBIH SERU NONTON INI DARIPADA BERITA POLITIK NEGERI SENDIRI?? gak cocok di aku, bikin puyeng + muntah liat berita politik negeri sndiri, mending nungguin garosero nyepill nyepilll wkwkkw",2024-03-01 00:00:00,Tiktok,netral
sutradara taxi driver sibuk pasti nih,2024-03-01 00:00:00,Tiktok,netral
"jgn"" Kim cangcut prnh sekap org?!!",2025-03-01 00:00:00,Tiktok,netral
??????Kim cangcut ??,2026-03-01 00:00:00,Tiktok,netral
Habis kim cangcut terbitlah kim abu-abu,2025-03-01 00:00:00,Tiktok,netral
lanjoooootttt kim cangcut??,2025-03-01 00:00:00,Tiktok,netral
"agak kasian si sama mendiang kim saeron nya, foto foto nya di up sana sini ??",2025-03-01 00:00:00,Tiktok,netral
cepet bantah kim cangcut penasaran ama videonya ihhh,2025-03-01 00:00:00,Tiktok,netral
fifty shadesss ygy ??,2025-03-01 00:00:00,Tiktok,netral
mr grey ?? kim soo hyun,2027-03-01 00:00:00,Tiktok,netral
masi mendingan mr gray kayaknya ??,2025-03-01 00:00:00,Tiktok,netral
semngt garosero,2025-03-01 00:00:00,Tiktok,netral
Garosero butuh bantuan nikmir ga??,2028-03-01 00:00:00,Tiktok,netral
"@ptr:KIM SOO HYUN KALI INI GUE DUKUNG LO BUAT BANTAH YG INI, soalnya aku mau liat vidio ini ????",2025-03-01 00:00:00,Tiktok,netral
tiap abis teraweh kalo mau makan selalu nunggu update di mas hansol????????,2025-03-01 00:00:00,Tiktok,netral
"katanya banyak knetz yg marah karna garosero udh gak fokus di KSR×KSH lg malah melebar kmn""",2025-03-01 00:00:00,Tiktok,netral
ayo KSH bantah lagi krn w mau liat garosero keluarin videonya??????makin penasaran ini w,2025-03-01 00:00:00,Tiktok,netral
bener bener ye tu om om,2024-03-01 00:00:00,Tiktok,netral
*dsm gak sieh ????,2024-03-01 00:00:00,Tiktok,netral
aku baca di fb td ada judulnya keluarga Ksr udah memutuskan utk menghentikan upload2 bukti utk nyerang ksh. Bener ga tuh?,2024-03-01 00:00:00,Tiktok,netral
tapi kasian kim saeronnya gasi ??????,2024-03-01 00:00:00,Tiktok,netral
kita liat aja nanti ??stay strong oppaa ??????????,2025-03-01 00:00:00,Tiktok,positif
tinggal buktikan aja bukti mereka pcrn tahun 2015 itu.,2024-03-01 00:00:00,Tiktok,netral
itu yg di kepala om garo tulisannya apa sih ga bisa Hangeul??,2024-03-01 00:00:00,Tiktok,netral
maksudnya apa ya,2026-03-01 00:00:00,Tiktok,netral
bentar ....nunggu buka puasa dulu yaa??????ntar searching lagiiii??????,2025-03-01 00:00:00,Tiktok,netral
kata aing mah gausah say sorry dulu somen wkwk,2025-03-01 00:00:00,Tiktok,negatif
lebih seru dr drakor njir,2024-03-01 00:00:00,Tiktok,netral
itu apa si mksd garosero ko mulutnya ditutup ga paham? ????,2024-03-01 00:00:00,Tiktok,netral
"@saniisaf:soohyun tolong dibantah,aku mau liat video yg ini wkwkw",2025-03-01 00:00:00,Tiktok,netral
"Soohyun tolong di bantah ya, soalnya aku mau liat video yg ini????",2025-03-01 00:00:00,Tiktok,netral
"plis ada terjemahannnya, ga ngerti dia ngomong apa??",2024-03-01 00:00:00,Tiktok,netral
yg bikin sedih ga ngerti itu ngomong apa??,2025-03-01 00:00:00,Tiktok,netral
Kim So Hyun tidak bersalah ????,2026-03-01 00:00:00,Tiktok,netral
Maaf pikiran jadi kemana2 ??,2024-03-01 00:00:00,Tiktok,netral
oppa gangnam style ??????,2024-03-01 00:00:00,Tiktok,netral
anjir merindinggg??,2024-03-01 00:00:00,Tiktok,netral
pls bantah,2025-03-01 00:00:00,Tiktok,netral
Justice for KimSaeron,2025-03-01 00:00:00,Tiktok,netral
Film real udah bner itu nyeritain ksh sndiri,2026-03-01 00:00:00,Tiktok,positif
KSH BANTAH DLU PLISS BIAR DI SPILL DULU,2025-03-01 00:00:00,Tiktok,netral
NJIR LAAAA PLIS BANTAH ????,2025-03-01 00:00:00,Tiktok,netral
Pliss KSH lo bantah gk buruan ???? g gk sabar liat perilisannya WKWKWK,2025-03-01 00:00:00,Tiktok,netral
yok lanjut blunder yok,2024-03-01 00:00:00,Tiktok,netral
garosero memasak ????,2024-03-01 00:00:00,Tiktok,netral
Panjang umur murah rejeki pak. Semoga aman aman ya hidup kamu sudah seberani ini,2024-03-01 00:00:00,Tiktok,netral
brrti film the real bner2 diriny sendiri,2024-03-01 00:00:00,Tiktok,positif
kpan up fto dan video terbarunya garosero. aku penasaran??,2024-03-01 00:00:00,Tiktok,netral
"please jgn ngaku dulu, mau liat video nya dulu",2024-03-01 00:00:00,Tiktok,netral
biar pengdilan yg yg menentukan siapa yg salah dan benar,2024-03-01 00:00:00,Tiktok,netral
makkkk takuutt??,2024-03-01 00:00:00,Tiktok,netral
mau dispill kasian cewenya nggak di spill penasaran,2026-03-01 00:00:00,Tiktok,netral
BJIRRR PLISSS JANGAN KLARIFIKASI DULU?? GUE MO LIAT VIDEONYA,2026-03-01 00:00:00,Tiktok,netral
Herannya berarti di bikin video lagi gitu nya ya ??,2026-03-01 00:00:00,Tiktok,netral
buset dia di movie yg sama sully itu berarti beneran kaga akting,2026-03-01 00:00:00,Tiktok,netral
udah gamau ikutin lagi beritanya makin pusing,2024-03-01 00:00:00,Tiktok,netral
okkk keempat,2024-03-01 00:00:00,Tiktok,netral
selain burning sun ini juga luar biasa ya,2025-03-01 00:00:00,Tiktok,netral
#JusticeforKimSaeron #JusticiaParaKimSaeron,2024-03-01 00:00:00,Tiktok,netral
akhirnya fyp kembali,2024-03-01 00:00:00,Tiktok,netral
akankah kasusnya ngalahin burning sun ??,2024-03-01 00:00:00,Tiktok,netral
"GM sma KSH ayo sangkal lagi, aku mau liat video atau fotonyaaa????",2024-03-01 00:00:00,Tiktok,netral
justicefor Kim searon,2024-03-01 00:00:00,Tiktok,netral
"gak paham ??, berita nya muncul di jam2 lagi bertahan hidup",2024-03-01 00:00:00,Tiktok,netral
#justiceforkimsaeron #justiceforsulli #womensupportwomen,2024-03-01 00:00:00,Tiktok,netral
"Coba bantah dulu Kim cang, Kita mau Liat video aslinya????",2025-03-01 00:00:00,Tiktok,netral
pantes bisa buat film REAL,2024-03-01 00:00:00,Tiktok,positif
akhirnya dngr lagi kabar nih berita,2024-03-01 00:00:00,Tiktok,netral
anjir anjir merinding,2024-03-01 00:00:00,Tiktok,netral
Hyun bantah hyun. Gua mau liat pideo nya ??????????????????,2026-03-01 00:00:00,Tiktok,netral
Masih on going ??????,2025-03-01 00:00:00,Tiktok,netral
up aja kalo ada buktinya soalnya pasti ngga ngaku dia,2025-03-01 00:00:00,Tiktok,netral
"KSH jgn lgsng ngaku pliss
gw mau liat videonya??",2025-03-01 00:00:00,Tiktok,netral
"wait, pemeriksaan forensik terhadap foto² maksudnya?",2025-03-01 00:00:00,Tiktok,netral
Waowwwww kalem yg membahayakan,2025-03-01 00:00:00,Tiktok,netral
It's astonishing how many still consider Garosero a reliable source. He hasn't provided any of the promised evidence. This video won't exist either,2025-03-01 00:00:00,Tiktok,positif
agak di percepat lah tolong kepo,2024-03-01 00:00:00,Tiktok,netral
"siapa bekingan garosero ya,kok bisa berani up gtu ya",2024-03-01 00:00:00,Tiktok,netral
"jelasin plisss mksdnya gimana? gue ga paham ""mr.grey"" apaan dah ???? dia gigit pulpen? terus kenapa?? ih jelasin kepo bgt ??",2024-03-01 00:00:00,Tiktok,netral
Tkut bgtttt anjr,2024-03-01 00:00:00,Tiktok,netral
2 hari sepi nih. Ada berita apa lagi? Mana video yg mau di release?,2024-03-01 00:00:00,Tiktok,netral
pas baca VT ini gua cuma bisa ?????????????? mangap tercengang,2024-03-01 00:00:00,Tiktok,netral
"nah si gero gero ni kemana gak muncul"" berapa hari",2024-03-01 00:00:00,Tiktok,netral
ada aja gebrakan ah elah men soomen??????,2024-03-01 00:00:00,Tiktok,netral
WEH BENER BENER SOOHYUN??,2024-03-01 00:00:00,Tiktok,netral
maksud gimana oi? aku ga paham. plis jelasin. ???????? kenapa ada pulpen dimulut?,2024-03-01 00:00:00,Tiktok,netral
Plis bantah dulu ya .. mao liat bener????,2024-03-01 00:00:00,Tiktok,netral
"Bukan fans dan ga pro ke siapapun, tp kalo sampe begini , bener2 apa iya????? Ga nyangka bngt",2024-03-01 00:00:00,Tiktok,netral
Idiiihh si Anjjjjj,2024-03-01 00:00:00,Tiktok,netral
Keren banget ajushiii ini??,2024-03-01 00:00:00,Tiktok,netral
waww pose apaituuu??,2024-03-01 00:00:00,Tiktok,netral
Ngeri bgt njir ??,2024-03-01 00:00:00,Tiktok,netral
I woman stands for justice not men or women,2025-07-04 00:00:00,Tiktok,netral
Justice for Kim Soeron ????,2025-04-04 00:00:00,Tiktok,netral
garosero recall2,2025-02-04 00:00:00,Tiktok,netral
adili Kim Soo hyunn??????????????hati hati cewe cewe bucin international dengan cogan internasional????????????????,2025-01-04 00:00:00,Tiktok,netral
HARUSNYA SOMEN KETEMUNYA LISA MARIANA BIAR DUEL CUCOK KAYAKE,1930-03-01 00:00:00,Tiktok,netral
pliss bantahan pernyataan ini ??????.,2026-03-01 00:00:00,Tiktok,netral
gue berasa lagi di drakor plz..,2026-03-01 00:00:00,Tiktok,netral
Njir otak gue kepikiran FSOG??,2026-03-01 00:00:00,Tiktok,netral
"tanpa tau artinya gua paham maksudnyaa, paham bangett????",2025-03-01 00:00:00,Tiktok,netral
oh ksh is Rude boy right? ????,2025-03-01 00:00:00,Tiktok,netral
somen tolong bilang tidak. biar aku liat vidionya ????,2025-03-01 00:00:00,Tiktok,netral
Tolong bantah kim soo hyuun ?? aku beneran kepo,2025-03-01 00:00:00,Tiktok,netral
"jgn minta maaf dulu plisss, masih ada 190 foto lg",2025-03-01 00:00:00,Tiktok,netral
garesero: karna lu cuan buat gw,2025-03-01 00:00:00,Tiktok,netral
selama sudah dewasa... yah sah2 aja mo gaya apa... ??,2025-03-01 00:00:00,Tiktok,netral
viral versi korea bahaya banget men,2025-03-01 00:00:00,Tiktok,netral
Taxi driver season 5 : 1 season cerita KSH semua ??????,2024-03-01 00:00:00,Tiktok,netral
ANJRLAH,2024-03-01 00:00:00,Tiktok,netral
gak berani komen masih puasa ??,2024-03-01 00:00:00,Tiktok,netral
#JusticeforKimSaeron,2027-03-01 00:00:00,Tiktok,netral
anak wp langsung mengerti??,2026-03-01 00:00:00,Tiktok,netral
Kim emang beneran real di film realnya??,2025-03-01 00:00:00,Tiktok,positif
Ini pasti ada fotonya kan makannya di praktekin wkwk,2025-03-01 00:00:00,Tiktok,netral
wow wowwwwww??,2024-03-01 00:00:00,Tiktok,netral
Astagfirullah ??,2024-03-01 00:00:00,Tiktok,netral
"waaaaw gerakan yang sangat menarik, aku tidak sabar untuk melihatnya",2024-03-01 00:00:00,Tiktok,netral
astaganaga,2024-03-01 00:00:00,Tiktok,netral
Semangat mencari kebenarannya cerita nya... ????????,2024-03-01 00:00:00,Tiktok,netral
TAKUUUUT,2024-03-01 00:00:00,Tiktok,netral
merinding????,2024-03-01 00:00:00,Tiktok,netral
smoha cpet slesaii????,2024-03-01 00:00:00,Tiktok,netral
dia udh klarifikasi blom sih katanya mau ngasih keterangan gimane bang di x lgi pda ribut soal negara ini soalnya ketimbun nie,2024-03-01 00:00:00,Tiktok,netral
link youtubenya mana????,2024-03-01 00:00:00,Tiktok,netral
anjir ga espek??,2024-03-01 00:00:00,Tiktok,netral
Makin panasss????????,2024-03-01 00:00:00,Tiktok,netral
Blm capek2 lu yee,2024-03-01 00:00:00,Tiktok,netral
suka nih gw gosip beginian??,2024-03-01 00:00:00,Tiktok,netral
semoga ada ke Adilan buat ksr,2024-03-01 00:00:00,Tiktok,netral
jir beneran tiap episode bikin tercengang,2024-03-01 00:00:00,Tiktok,netral
the fuck?!,2024-03-01 00:00:00,Tiktok,negatif
UPLOAD GA.....!!!!!!??????,2024-03-01 00:00:00,Tiktok,netral
ternyata episode nya masih panjang bjirr??????,2024-03-01 00:00:00,Tiktok,netral
gacor anjj,2024-03-01 00:00:00,Tiktok,netral
intinya kalau dia kenapa kenapa berarti benar,2024-03-01 00:00:00,Tiktok,netral
"Hidup aku udah lelah, nunggu keputusan akhir saja.",2024-03-01 00:00:00,Tiktok,netral
otak gue langsung travelingg mana blm buka puasa ??,2024-03-01 00:00:00,Tiktok,netral
ditunggu remake drakornya,2024-03-01 00:00:00,Tiktok,netral
Nggk selesai2 nih masalah,2024-03-01 00:00:00,Tiktok,netral
"sampe skrg blm up"", malah keluar negri????",2021-04-01 00:00:00,Tiktok,netral
makin pusing,2018-04-01 00:00:00,Tiktok,netral
???? : ?I? ?O??Y ?I? ??????,2025-09-04 00:00:00,Tiktok,netral
"KSH ternyata suhu,dibalik wajah bayinya??",2025-04-04 00:00:00,Tiktok,netral
uuuuuuhhhh ????,2025-03-04 00:00:00,Tiktok,netral
"people didn’t seek the truth; they sought a story that satisfied their hunger for blame.
#bestrongKSH??",2025-03-04 00:00:00,Tiktok,positif
apa niiihhhhh,2025-02-04 00:00:00,Tiktok,netral
"bantah lagi , biar makin banyak yg di rilis ??",2025-02-04 00:00:00,Tiktok,netral
Aduuh tolong saya gk ngerti tentang pose poto itu bagi yang tau tolong jeskan doong ??begini klo jadi orang jadul ??,2025-01-04 00:00:00,Tiktok,netral
w takut knp2 nih org.kya dpilm2 gtu,2025-01-04 00:00:00,Tiktok,netral
Oh...,2025-01-04 00:00:00,Tiktok,netral
longlive garosero,2025-01-04 00:00:00,Tiktok,netral
gassskeun??,2025-01-04 00:00:00,Tiktok,netral
Notice how he never wiped this tears,2025-01-04 00:00:00,Tiktok,netral
BJIRRR,2025-01-04 00:00:00,Tiktok,netral
napa g dri dulu diungkit..kok g kan mendiang terselamatkan,2025-01-04 00:00:00,Tiktok,netral
up,1931-03-01 00:00:00,Tiktok,netral
ini udah selesai ya ? soalnya g bosen,1930-03-01 00:00:00,Tiktok,netral
Tamat riwayat??,2029-03-01 00:00:00,Tiktok,netral
wth??,2028-03-01 00:00:00,Tiktok,netral
masih bingung ini kim so hyun beneran kaya gitu kah,2028-03-01 00:00:00,Tiktok,netral
STRESS-DOWN-ABU??,2028-03-01 00:00:00,Tiktok,netral
"@saniisaf: soohyun tolong dibantah,aku mau liat video yg ini wkwkw",2028-03-01 00:00:00,Tiktok,netral
Emangggggggg shiiiiiiiiiiiiiiiiiibl,2028-03-01 00:00:00,Tiktok,netral
behhh DEBM style rupanya??,2028-03-01 00:00:00,Tiktok,netral
????????keep going say the true,2028-03-01 00:00:00,Tiktok,positif
OMG ??,2028-03-01 00:00:00,Tiktok,netral
buruan di spill aja penasarn,2027-03-01 00:00:00,Tiktok,netral
ANJIRRRRRR,2026-03-01 00:00:00,Tiktok,netral
pengen liaaaatttt,2026-03-01 00:00:00,Tiktok,netral
omg??????,2026-03-01 00:00:00,Tiktok,netral
njirr,2026-03-01 00:00:00,Tiktok,netral
apa arti tulisan di bathoknya itu?,2026-03-01 00:00:00,Tiktok,netral
takut ??????,2026-03-01 00:00:00,Tiktok,netral
anjir maen polisi polisian ??????,2026-03-01 00:00:00,Tiktok,netral
mau nanya kok dia tau secara detail kejadiannya ya,2026-03-01 00:00:00,Tiktok,netral
ayo bantah ksh wkwk mau liat videonya rilis,2026-03-01 00:00:00,Tiktok,netral
haahahahhaa hanjayyyyy KSH??????,2026-03-01 00:00:00,Tiktok,netral
ANJAYYYYY,2026-03-01 00:00:00,Tiktok,netral
mksdnyaa apa itu?,2026-03-01 00:00:00,Tiktok,netral
Cepat spilll iihh ??,2026-03-01 00:00:00,Tiktok,netral
tolong translit??,2026-03-01 00:00:00,Tiktok,netral
kasian somen,2025-03-01 00:00:00,Tiktok,netral
wahhh waahhh ????,2025-03-01 00:00:00,Tiktok,netral
kalo kayak gini sinyalku lebih cepat dari 5g??,2025-03-01 00:00:00,Tiktok,netral
plis bantah plis bantaaah?? plis?? aku mau liat videonya,2025-03-01 00:00:00,Tiktok,netral
mksdnya yg begitu itu ksh atau ksr nya??,2025-03-01 00:00:00,Tiktok,netral
Chanel YouTube nya apa sih,2025-03-01 00:00:00,Tiktok,netral
gelap banget somen ternyata hidup lo??,2025-03-01 00:00:00,Tiktok,netral
Ngomong apa itu ?? Terjemahin plis,2025-03-01 00:00:00,Tiktok,netral
Women should support KimSaeron not Men??,2025-03-01 00:00:00,Tiktok,netral
"Please artiin ??
kaga ngerti ????
pokoknya aku dukung KSH ,, semangat KSH bantah ya????
tau kan ??",2025-03-01 00:00:00,Tiktok,netral
EHHHHHHH,2025-03-01 00:00:00,Tiktok,netral
Ksh heper juga yh,2025-03-01 00:00:00,Tiktok,netral
Gold medalist udah habis duit berapaaa,2025-03-01 00:00:00,Tiktok,netral
tolong banget somen bantah yang ini,2025-03-01 00:00:00,Tiktok,netral
"#justiceforkimsaeron
#justiceforsulli",2025-03-01 00:00:00,Tiktok,netral
awwww keluarkan semua,2025-03-01 00:00:00,Tiktok,positif
wah kayaknya dia suka red room,2025-03-01 00:00:00,Tiktok,netral
"mana lagi puasa masih tengah hari bolong,aduhhh otak q tolong masak batal sih????????",2025-03-01 00:00:00,Tiktok,netral
Jgn bilang yg ada di pikiran gue bener?? ????,2025-03-01 00:00:00,Tiktok,netral
WADUH,2025-03-01 00:00:00,Tiktok,netral
SPILLL CPTANN PLEASEE,2025-03-01 00:00:00,Tiktok,netral
plisss bantah yaaa agensi sama KSH biar di spil????????,2025-03-01 00:00:00,Tiktok,netral
bantah ga! mw liat??,2025-03-01 00:00:00,Tiktok,netral
cepetan mana videonya ??,2025-03-01 00:00:00,Tiktok,netral
maksud nya gimana ka,2025-03-01 00:00:00,Tiktok,netral
need taxi driver 3 buat kasus ini????,2025-03-01 00:00:00,Tiktok,netral
Semoga usahamu membuahkan hasil yaa,2025-03-01 00:00:00,Tiktok,netral
dia ngomong apa? pliss aq gak ngerti.. ??,2025-03-01 00:00:00,Tiktok,netral
maksudnya gmn sih,2025-03-01 00:00:00,Tiktok,netral
"Aduh spil aja langsung, gw suka yg to the point??",2025-03-01 00:00:00,Tiktok,netral
Arti dari ikat kepala yg dipakai apa sih kepo? (Bertanya dengan ketidaktahuan),2025-03-01 00:00:00,Tiktok,netral
bantah plis aku mw liat vidionya????,2025-03-01 00:00:00,Tiktok,netral
plis lihat akun detektif astral... ??????,2025-03-01 00:00:00,Tiktok,netral
wahhh ngga bhya taa??,2025-03-01 00:00:00,Tiktok,netral
MERINDINKKK????,2025-03-01 00:00:00,Tiktok,netral
"ini udah d tahap mna??,, ga ngrti ni orng ngomong ap",2025-03-01 00:00:00,Tiktok,netral
Gebrakan baru anjirtt ??????,2025-03-01 00:00:00,Tiktok,netral
BUSETTTTT????????????,2025-03-01 00:00:00,Tiktok,netral
"capek bgt ngikutin drama ini, terlalu banyak plot twistnya??????
kabarain aja kalau udah tamat????",2025-03-01 00:00:00,Tiktok,netral
seru bngt please ??,2025-03-01 00:00:00,Tiktok,netral
bantah en se Yun Yun gen wong wong iso ndelok bukti e??,2025-03-01 00:00:00,Tiktok,netral
ayok keluarkan semua gasabar,2025-03-01 00:00:00,Tiktok,netral
Omg,2025-03-01 00:00:00,Tiktok,netral
"ksh ndang dibantah, mau lihat gebrakan mu lg yg lain??",2025-03-01 00:00:00,Tiktok,netral
Waduhhhhh,2025-03-01 00:00:00,Tiktok,netral
gerakan tangan diikat sama mulut disumpal,2025-03-01 00:00:00,Tiktok,netral
"good job, sehat selalu",2025-03-01 00:00:00,Tiktok,positif
"good job,.",2025-03-01 00:00:00,Tiktok,positif
aku butuh bukti vidionya sebagai bahan riset??????????,2025-03-01 00:00:00,Tiktok,netral
Sesuai dugaan yg berduit akan menang??,2025-03-01 00:00:00,Tiktok,netral
"liat filmnya yg judulnya ""Real"", nah itu fantasinya dia kira2 , yg peranin dia ama Sulli",2025-03-01 00:00:00,Tiktok,positif
"pusing gw ngikutin, malah makin rumit dan ngerembet kmna mana beritanya apalagi soal si LJH ??",2025-03-01 00:00:00,Tiktok,netral
yok bantah yok?? biar vidio nya keluar??,2025-03-01 00:00:00,Tiktok,netral
Buru spill napa,2025-03-01 00:00:00,Tiktok,netral
sehat selalu deh ahjusii,2025-03-01 00:00:00,Tiktok,netral
Show,2025-03-01 00:00:00,Tiktok,netral
bantah dulu sampe keluar itu videonya,2025-03-01 00:00:00,Tiktok,netral
duhh ...,2025-03-01 00:00:00,Tiktok,netral
trus bantah ksh aq mau lihat photo dn video yg lain y wkwkwkwk,2025-03-01 00:00:00,Tiktok,netral
Ketuaaa tolong jelaskannn,2025-03-01 00:00:00,Tiktok,netral
duhhh,2024-03-01 00:00:00,Tiktok,negatif
emang artinya apa ketua??,2024-03-01 00:00:00,Tiktok,netral
anjirr ada aja gebrakan nya,2024-03-01 00:00:00,Tiktok,netral
shock??,2024-03-01 00:00:00,Tiktok,netral
hahh,2024-03-01 00:00:00,Tiktok,netral
gacor amat ??,2024-03-01 00:00:00,Tiktok,netral
wes angel angellll??,2024-03-01 00:00:00,Tiktok,netral
omg tambah seru guys,2024-03-01 00:00:00,Tiktok,netral
sikat Abang sikat yang kuat jgn kalah sama sih ksh????,2024-03-01 00:00:00,Tiktok,netral
"oalah.... udah paham sih, trus liat pencarian ""dsm"" makin paham????",2024-03-01 00:00:00,Tiktok,netral
Menggelegarrrr ??????,2024-03-01 00:00:00,Tiktok,netral
woi apeniiiii,2024-03-01 00:00:00,Tiktok,netral
sekelip mata jd terkenal viewer sgt tinggi punyalh KSH ambil berpuluh Tahun nk jd terkenal....knp mse bercinta keluarga KSR x bwa kes ke court biar je..x fhm...sepatutnya dulu lg,2024-03-01 00:00:00,Tiktok,netral
"kene minta tlg Candace Owens msk campur nie. Bridget macron pon dia boleh bongkar kan penipuan first lady France, ini plak stakat anak didik p.diddy.. Kim Diddy ??",2024-03-01 00:00:00,Tiktok,positif
"what??? tak nak up kan gmbr dan video lg, sb nak jaga reputasi KSR? cakap ja semua tu tiada, sekadar ugutan ja.. ??",2026-03-01 00:00:00,Tiktok,netral
hasil post mortem pasti ada bgtau pada fmily..jin ho ada di sana slps post mortem?dia dariawal sdh mghasut org ramai utk membenci mangsa sblm kematian..,2026-03-01 00:00:00,Tiktok,netral
tk..dia dpt dri mana pulakk gmbr dgn vdio tu,2024-03-01 00:00:00,Tiktok,netral
X paham boleh translate,1931-03-01 00:00:00,Tiktok,netral
dia cakap pakai vd dia sendiri tiada vd ni tunjukan ??,1931-03-01 00:00:00,Tiktok,netral
"Masalah sekarang kalau duit yg berjalan memang sukar sikit,pihak KSH suka gunakan kuasa duit utk bayar org utk burukkan nama KSR di media sosial",2028-03-01 00:00:00,Tiktok,netral
upload ja la kalau berani..atau mmg tiada tu video,2026-03-01 00:00:00,Tiktok,netral
"apa gik olah kau soomen oi, ada jak keja kau yaaa??",2026-03-01 00:00:00,Tiktok,netral
sya xfham la eih ?? sepa lg ni,2025-03-01 00:00:00,Tiktok,netral
stay strong KSH ????,2025-03-01 00:00:00,Tiktok,positif
Is your corrupt President safe now?,2025-03-01 00:00:00,Tiktok,netral
Garisero should be sued!,2025-03-01 00:00:00,Tiktok,netral
"It is very saddened when there are lot of female, and women are siding the man. When the fact that they are also a girl ?? ??",2025-03-01 00:00:00,Tiktok,netral
"By the way, I hope none of you ever become victims of cyberbullying. The malice and glee are hard to bear",2025-03-01 00:00:00,Tiktok,negatif
"Kshyun (bukan Goldmedalist) tidak membantah, berarti…?",2025-03-01 00:00:00,Tiktok,netral
sing kuat ya ??,2025-03-01 00:00:00,Tiktok,netral
apa massuna ini??,2024-03-01 00:00:00,Tiktok,netral
"nih bukti bang, dibaca caption nya ya bang ??",1931-03-01 00:00:00,Tiktok,netral
nih suka gaya bgtu an mh udh pro malah,2029-03-01 00:00:00,Tiktok,netral
Parah parah,2028-03-01 00:00:00,Tiktok,netral
CROCODILE TEARS?? RIP KIM SAE RON,1931-03-01 00:00:00,Tiktok,netral
Yall thats exactly how he acted in queen of tears ??,1931-03-01 00:00:00,Tiktok,positif
We stand with Kim Soo Hyun and all Korean stars that fell victim to cyber bullying!,2025-01-04 00:00:00,Tiktok,netral
He’s been practising his lines and expressions for about 20 days to prepare for this press briefing. ???? He had No sympathy at all for his victims Kim Sae Ron and Sulli. Just upset for himself . Once a narcissist always a narcissist.,1931-03-01 00:00:00,Tiktok,netral
Kim soo hyun case,1931-03-01 00:00:00,Tiktok,netral
kinda hate the fact he referred Kim sae Ron as the deceased. at least say her name showing some form of respect for her,1931-03-01 00:00:00,Tiktok,negatif
forever with Kim Soo hyun ???????? please stay strong and keep fighting ????,2025-03-04 00:00:00,Tiktok,positif
Let’s rephrase. He started dating and sleeping with Kim Sae Ron when she was 15/16 and he was 28. Creeper is referring to the effed up Korean law that made 13yo the age of consent at that time.,1931-03-01 00:00:00,Tiktok,netral
we support kim soo hyun ????????,2025-01-04 00:00:00,Tiktok,netral
"I don’t know if he is speaking the truth or not, but the fact remained that Kim sae Ron was bullied while she was alive by the same people criticizing him now.",2025-01-04 00:00:00,Tiktok,netral
Kim soohyun is innocent,2025-01-04 00:00:00,Tiktok,positif
"I dont think hes acting. He loved kim sae ron tho, dont say such Bad things about him hes a human to.",1931-03-01 00:00:00,Tiktok,netral
he totally could’ve addressed kim sae ron instead of “the deceased.” also he shows no sorrow for her family at all. he’s just denying all allegations and probably just upset about his situation smh,1931-03-01 00:00:00,Tiktok,netral
I believe you kim Soo hyun,2025-02-04 00:00:00,Tiktok,netral
"I just have one question
so when she was still alive y'all didn't find it weird that Kim sae Ron was dating him it's now that she is no more that's when u feel it's wrong?
anyways the truth shall",2025-01-04 00:00:00,Tiktok,netral
RIP KIM SAE RON??????,1931-03-01 00:00:00,Tiktok,positif
keep on fighting Kim Soo Hyun?? you will get through this??,2025-01-04 00:00:00,Tiktok,positif
"Despite everything,he's still one of the Top 10 Hallyu Stars of 2025. You can't dim the light of someone born to shine. Rawr!!!
He's a legend. He is Kim Soohyun. No one else!
#KimSooHyun",2014-04-01 00:00:00,Tiktok,positif
"Queen of Tears on real life..
he is so done??",1931-03-01 00:00:00,Tiktok,positif
Stay strong Kim SooHyun! Never bow to pressure for something you did not do. ??????,2025-01-04 00:00:00,Tiktok,positif
"Kim Soo Hyun, you are in this conference to tell the truth, not to please Garosero's clowns.You are a human being?? Kim Soo Hyun your fans are with you ?",2025-01-04 00:00:00,Tiktok,netral
we stand with you Kim soo hyun,2025-04-04 00:00:00,Tiktok,netral
I believe and trust in you Kim SooHyun fighting ??????,2025-08-04 00:00:00,Tiktok,netral
All black outfit ??Full makeup ??Fake tears ??No Guilt ??No remorse ??Give kim soohyun all the acting awards for this press conference,1931-03-01 00:00:00,Tiktok,netral
trying to use them acting skills has FAILED and then he couldn’t even say her name was a joke ???? rip baby girl Kim sae ron,1931-03-01 00:00:00,Tiktok,negatif
"idk what happened but.....anyways RIP KIM SAE RON, I can't judge kim soohyun because idk what happened....",3d ago,Tiktok,netral
don't know what to believe anymore but know this for sure that kim soohyun is famous for his crying scenes....,2025-01-04 00:00:00,Tiktok,positif
Fighting Oppa Kim Soo Hyun,2025-03-04 00:00:00,Tiktok,netral
He’s been practising his lines and expressions for about 20 days to prepare for this press briefing. ???? He had No sympathy at all for his victims Kim Sae Ron and Sulli. Just upset for himself . Once a narcissist always a narcissist.,2025-08-04 00:00:00,Tiktok,netral
Smoking on kim soohyuns career lmaooo ????,2025-03-04 00:00:00,Tiktok,netral
the “deceased” is crazy when she was his ex girlfriend.,1931-03-01 00:00:00,Tiktok,negatif
The thing about being the most paid actor is that we know this is what his acting looks like ??,1931-03-01 00:00:00,Tiktok,positif
Yall forget he’s a actor??I’m not believing any of it,1931-03-01 00:00:00,Tiktok,netral
i don’t believe him for a second,1931-03-01 00:00:00,Tiktok,netral
Never knew we’d see him acting live ????,1931-03-01 00:00:00,Tiktok,netral
he’s acting bro,1931-03-01 00:00:00,Tiktok,netral
Say her name. Not “the deceased.” Say her name.,1931-03-01 00:00:00,Tiktok,netral
brotha is there not proof…video and picture proof…,1931-03-01 00:00:00,Tiktok,netral
This looks like straight from a drama,1931-03-01 00:00:00,Tiktok,positif
"Let’s say he didn’t date her, still he had 0 empathy for her suing her and making sure her career was over",1931-03-01 00:00:00,Tiktok,positif
Kim so hyun ????,1931-03-01 00:00:00,Tiktok,netral
l love kim soo hyun stay strong,2025-09-04 00:00:00,Tiktok,positif
a person can do so little about it. It could happen to you too. DO NOT GIVE UP Kim Soo Hyun !!!,2025-07-04 00:00:00,Tiktok,negatif
STOP ACTING KIM SOO HYUN,2025-01-04 00:00:00,Tiktok,netral
I Love kim soo hyun,2025-08-04 00:00:00,Tiktok,positif
"im afraid,I've been a Kim soo Hyun fan long enough to know when he's acting",2025-01-04 00:00:00,Tiktok,netral
"he actually seems honest, i honestamente support kim soo hyun",2025-01-04 00:00:00,Tiktok,positif
I believe kim soo hyun its not his fault,2025-02-04 00:00:00,Tiktok,netral
I don't think Kim Soo Hyun is guilty.,2025-10-04 00:00:00,Tiktok,negatif
I don’t believe kim soo hyun is innocent ??,2025-01-04 00:00:00,Tiktok,positif
JUSTICE FOR KIM SOO HYUN ??????????????????and stay strong ????,2025-04-04 00:00:00,Tiktok,positif
"I support ""star kim soo hyun"" ??",2025-03-04 00:00:00,Tiktok,netral
We stand with you kim soo hyun please be strong,2025-01-04 00:00:00,Tiktok,positif
kim soo hyun oppa (FIGHTING),2025-02-04 00:00:00,Tiktok,netral
you are so strong kim soo Hyun,2025-03-04 00:00:00,Tiktok,positif
Stand for Kim Soo Hyun,2025-03-04 00:00:00,Tiktok,netral
kim soo hyun ?????????????????,2025-01-04 00:00:00,Tiktok,netral
In this case like justice for Kim sae Ron and let her rest and peace and not do nothing cus there something called karma and we don’t need to do something karma will find but only if he actually didit,2014-04-01 00:00:00,Tiktok,netral
"Imagine Kim Saeron have to deal with this p3do alone, with a uncountable media behind him. Even with so many evidence, he's still denies it oh my god",2025-02-04 00:00:00,Tiktok,netral
"He puts on makeup, styled his hair, and delivered a tearful speech…but can’t produce a single shred of evidence? Where’s his receipts?",1931-03-01 00:00:00,Tiktok,netral
the dramatic pauses ???????? give up,2025-01-04 00:00:00,Tiktok,negatif
Did he forget we know he’s an actor??? To give a fake performance crying instead of apologizing is actually wild,1931-03-01 00:00:00,Tiktok,negatif
His best performance yet,1931-03-01 00:00:00,Tiktok,positif
him crying made it so unbelievable??,1931-03-01 00:00:00,Tiktok,negatif
he’s an actor?? also the nerve to not call her by the name and just ‘the deceased’ is so disrespectful,2025-01-04 00:00:00,Tiktok,netral
him pausing to read the script??,1931-03-01 00:00:00,Tiktok,netral
people need to stop spreading false accusations against innocent men. this happens far too often.,1931-03-01 00:00:00,Tiktok,netral
I need body language professional to analyze this,1931-03-01 00:00:00,Tiktok,netral
These comments are so freaking cruel.,2025-01-04 00:00:00,Tiktok,negatif
"HE ????WON'T ????ADMIT ????TO????WHAT ????HE ????DIDN'T ???? DOOOO????
y'all can never make me hate him and that's period ??",2025-01-04 00:00:00,Tiktok,negatif
me when I try to lie about eating the last piece of cake but it was actually me ??????,1931-03-01 00:00:00,Tiktok,netral
Crying for what… if he was innocent he’d defend himself by proving,1931-03-01 00:00:00,Tiktok,positif
"People should leave him alone,",1931-03-01 00:00:00,Tiktok,netral
The amount of people defending him in the comments is crazy,1931-03-01 00:00:00,Tiktok,negatif
He's an actor trained to cry on cue and convey sad emotions ??,1931-03-01 00:00:00,Tiktok,negatif
Queen of tears all over ?? come on.,1931-03-01 00:00:00,Tiktok,netral
he denied dating her altogether. now he only admits to dating her when she was an adult.... he'll probably admit a bit more in a few weeks,1931-03-01 00:00:00,Tiktok,netral
The denial is crazy even after her parents came out with their text messages and pics/videos. It’s even crazier he’s calling her “the deceased” instead of her name!,1931-03-01 00:00:00,Tiktok,negatif
Can someone please explain what’s going on?,1931-03-01 00:00:00,Tiktok,netral
Free bro i like his kdramas. He innocent,1931-03-01 00:00:00,Tiktok,positif
people are forgetting he's an actor ????,1931-03-01 00:00:00,Tiktok,netral
Poor guy. Haters need to leave him alone. Does SK want another death!? ????,1931-03-01 00:00:00,Tiktok,positif
"So she died because y’all bullied her and you guys are doing the same thing to him now? Until when will it stop? When that all die? but if he dies too you’ll find someone else to bully, you guysssss!",2025-01-04 00:00:00,Tiktok,positif
Him not taking accountability in this press conference just pisses me off. Didn’t even have th decency of saying her name.,1931-03-01 00:00:00,Tiktok,negatif
HE POSTING HIS BDAY PRESENTS IGNORING HER DEATH SAYS EVERYTHING.HOW CAN HE CELEBRATE HIS BDAY WHEN A GIRL HE DATED DIED.,2025-01-04 00:00:00,Tiktok,negatif
the guy is innocent leave him alone,1931-03-01 00:00:00,Tiktok,netral
"The thing abt groomers is they don't ""date"" their victims until they reach a legal age. That's the whole point of grooming. They stay around them & condition them to be the perfect gf once their legal",2025-01-04 00:00:00,Tiktok,positif
“The deceased”?? I hope that was translated wrong because…WHAT?? ??,1931-03-01 00:00:00,Tiktok,netral
I will support him!,2025-01-04 00:00:00,Tiktok,positif
All these comments are too recent and I was trying to find somone explaining what’s happening,1931-03-01 00:00:00,Tiktok,netral
"He is korean most high paid actor of course he can play a very good role in his drama, he's reading his script very well.Fake tears.Justice for KSR and SuLLi.",1931-03-01 00:00:00,Tiktok,negatif
Chinese citizens handed with receipts that he was reading a script which was 98% AI generated ????,1931-03-01 00:00:00,Tiktok,negatif
why is he crying…,1931-03-01 00:00:00,Tiktok,netral
"It's fine if i get hate, but i fully support him. we dont even know the truth here",2025-01-04 00:00:00,Tiktok,positif
I just saw a post apparently Chinese fans found out that over 90% of his script is ai generated ??,1931-03-01 00:00:00,Tiktok,positif
He took no accountability for his part and the tears don’t seem genuine. He lied from the start so anything that comes out of his mouth is a lie to me.,1931-03-01 00:00:00,Tiktok,netral
That man is so guiltyyyy,1931-03-01 00:00:00,Tiktok,negatif
"I’m going to wait bc I learned that sometimes we are wrong to jump to conclusions. I hope none of it happened, not for his sake, but for hers. Why are yall so determined to wish that on her?",2025-01-04 00:00:00,Tiktok,negatif
Thats not fair to blame him the death of the girl. It was the DUI that hot her cancelled,1931-03-01 00:00:00,Tiktok,netral
not convincing ( actually these tears irritate so much,2025-01-04 00:00:00,Tiktok,netral
I believe him!!,2025-01-04 00:00:00,Tiktok,netral
Say her name bru,2025-01-04 00:00:00,Tiktok,netral
There’s proof mind you??,2025-01-04 00:00:00,Tiktok,netral
"him not attending her funeral could be because it was too painful for him, toxic Kdrama fans killed her and now they want to do the blame game, I don't trust him but I don't trust the allegations too, there’s no clear proof just mashup made by the same fans that drove her to her death, and you guys are still doing the same thing, which is following things blindly. If he gets bullied and dies then you guys will play another blame game and migrate to another person",2025-01-04 00:00:00,Tiktok,negatif
Did he unalive her?,1931-03-01 00:00:00,Tiktok,netral
we all saw that photo of him in her kitchen... how can he deny that?,2025-01-04 00:00:00,Tiktok,netral
He couldn’t even have the decency to say her NAME he just called her the deceased seriously i will never ever watch another show with him in it EVER,2025-01-04 00:00:00,Tiktok,negatif
the way he can’t even say her name says it all,1931-03-01 00:00:00,Tiktok,netral
did he used this method crying too in his dramas?,1931-03-01 00:00:00,Tiktok,negatif
it’s literally giving acting ????,2025-01-04 00:00:00,Tiktok,netral
"Unpopular opinion and I’m not defending him; but if the parents knew a grown man was dating their minor daughter,why didn’t they stop it?It’s just as bad,they were responsible for her wellbeing",2025-01-04 00:00:00,Tiktok,netral
He can’t even say her name.,2025-01-04 00:00:00,Tiktok,netral
Why nobody told me the season 2 of queen of tears was out ??,1931-03-01 00:00:00,Tiktok,netral
?????????? ?????????,2025-01-04 00:00:00,Tiktok,netral
It’s crazy how people blame him for her decision to kill herself. She did that. He’s not to be blamed. That’s only on her. People are cruel n now want to blame him n call him a lair n know everything,2025-01-04 00:00:00,Tiktok,negatif
Odd how he refuses to say her name…,1931-03-01 00:00:00,Tiktok,negatif
Mind you guys that’s the highest payed actor in Korea ??,1931-03-01 00:00:00,Tiktok,netral
wasn't there allegedly pictures of them kissing or something?,1931-03-01 00:00:00,Tiktok,netral
"Great acting my boi, He gets a pass ??",1931-03-01 00:00:00,Tiktok,positif
??He thinks he’s on set of queen of tears??,2025-01-04 00:00:00,Tiktok,netral
King of tears season 2,1931-03-01 00:00:00,Tiktok,netral
he's the highest paid actor,1931-03-01 00:00:00,Tiktok,netral
I don’t believe him ????,1931-03-01 00:00:00,Tiktok,netral
Which series is this.,1931-03-01 00:00:00,Tiktok,netral
I don’t believe him at all,1931-03-01 00:00:00,Tiktok,netral
POV his acting in it’s okay not to be okay,2025-01-04 00:00:00,Tiktok,positif
Yall his script that he was reading was proven to be AI generated ????,2025-01-04 00:00:00,Tiktok,netral
"""an actor doesn't wipe tears, the actor make a good scene to it""",1931-03-01 00:00:00,Tiktok,positif
Why does he refer to her as “the deceased?” It takes the humanity out of it,2025-01-04 00:00:00,Tiktok,netral
Ok now all you guys are an expert on crying?,2025-01-04 00:00:00,Tiktok,positif
King of Tears,2025-01-04 00:00:00,Tiktok,netral
"He couldn't even call her by name kept saying deceased. Great acting but I'm not buying this, it's quite obvious it's fake acting. Besides if you really want to take responsibility why sue her family for defamation.",2025-01-04 00:00:00,Tiktok,netral
"annnndddd scene ???? ""king of crocodile tears"" premieres April 1st.",1931-03-01 00:00:00,Tiktok,netral
He is SQUEEZING those tears out.,1931-03-01 00:00:00,Tiktok,netral
I believe her.,1931-03-01 00:00:00,Tiktok,netral
he’s the highest paid actor in sokor for a reason ???????,1931-03-01 00:00:00,Tiktok,netral
Actor of the year... and the oscar goes tooooo...,2025-01-04 00:00:00,Tiktok,netral
We saw Queen of Tears we know he can cry on demand,1931-03-01 00:00:00,Tiktok,netral
??????Ik premium acting was about to drop.,1931-03-01 00:00:00,Tiktok,netral
Queen of Tears season 2 is toxic,1931-03-01 00:00:00,Tiktok,netral
the cancel culture in korea is insanee,2025-01-04 00:00:00,Tiktok,netral
It is too late and he doesn’t seem sincere at all,2025-01-04 00:00:00,Tiktok,netral
Give him an Oscar foreal. Best work he ever did.,1931-03-01 00:00:00,Tiktok,positif
the way I cringed to him crying.,1931-03-01 00:00:00,Tiktok,negatif
not him looking down to read the script ??,2025-01-04 00:00:00,Tiktok,negatif
I can't deny that he's a great actor.,1931-03-01 00:00:00,Tiktok,positif
I imagine him going backstage and wiping his face feeling irritated ??,2025-01-04 00:00:00,Tiktok,netral
SHE DIED??!!!! WHAT IVE MISSED SO MUCH ??,1931-03-01 00:00:00,Tiktok,positif
I knew he was gonna cry and act innocent Remember he is an actor!!,1931-03-01 00:00:00,Tiktok,positif
wonder how many times he has reverse for this comference n yes he did well...he deserves an Oscar award for this acting...??????,2025-01-04 00:00:00,Tiktok,negatif
"The media in Korea knew about they dating when she was still a minor, was an inside secret.",1931-03-01 00:00:00,Tiktok,negatif
I mean his an actor so....?????,1931-03-01 00:00:00,Tiktok,netral
hes literally acting im hollering,2025-01-04 00:00:00,Tiktok,negatif
"Everything seems fake, it’s like watching a movie I haven’t seen someone cry like the irl",2025-01-04 00:00:00,Tiktok,negatif
He can’t even say HER NAME.,2025-01-04 00:00:00,Tiktok,negatif
"when I saw him crying over his brother in Its okay not to be okay, I thought I had never seen a more convincing crying scene in my long life. He could've done better here. C-",1931-03-01 00:00:00,Tiktok,netral
his acting skills,1931-03-01 00:00:00,Tiktok,positif
i thought he was supposed to be a good actor what happened,1931-03-01 00:00:00,Tiktok,positif
1) there’s proof of him and her dating when she was a minor 2) even if they dated when (he) says - that still made him 33 with a 19 y/o???,1931-03-01 00:00:00,Tiktok,negatif
don't believe it. ???????. they lied about him dating her in general in the first place. what won't stop them from lying again.,1931-03-01 00:00:00,Tiktok,negatif
"this was the wrong move , even if he happens to be innocent .",1931-03-01 00:00:00,Tiktok,negatif
Maybe he's not that good of an actor,1931-03-01 00:00:00,Tiktok,netral
"He's the highest paid actor, and he can act just with ""one take"". Cmon??????",2025-01-04 00:00:00,Tiktok,negatif
"man is an actor, what do you expect? ??",1931-03-01 00:00:00,Tiktok,negatif
awww he's acting to help himself in real life,1931-03-01 00:00:00,Tiktok,negatif
HO THE EVIDENCE IS RIGHT THERE,2025-01-04 00:00:00,Tiktok,netral
are we deadass rn ????,2025-01-04 00:00:00,Tiktok,netral
"bro he's definitely acting rn.
ain't no way",1931-03-01 00:00:00,Tiktok,negatif
He look like he faking it tbh,1931-03-01 00:00:00,Tiktok,negatif
hes probably lying to save face (for now) cause everything will be revealed later anyway,1931-03-01 00:00:00,Tiktok,negatif
you all are in different countries and I wonder how you all start throwing stones at people you have never met in person by gathering facts on social media,2025-01-04 00:00:00,Tiktok,positif
"This is the problem of being an actor, even when you’re saying the truth people think you’re lying and you’re acting laugh out loud, he could be saying the truth, but no one will believe him ??",2025-01-04 00:00:00,Tiktok,negatif
what part of his management let him act like this ????,2025-01-04 00:00:00,Tiktok,negatif
I was about to ask what drama this was smh,2025-01-04 00:00:00,Tiktok,netral
It makes me laugh how people are practically butchering him for Kim SAE Ron's death..when in reality! it was the same people who abandoned her and left her alone!,1931-03-01 00:00:00,Tiktok,negatif
He should have played in “doom at your service” because bro summoned THE DOOM.,1931-03-01 00:00:00,Tiktok,negatif
The tears are a hard sell for me since he is known as the king of tears for his ability to cry so well on screen,1931-03-01 00:00:00,Tiktok,negatif
Kim Soo Hyun *Cue tears and empathy for the public*??????,1931-03-01 00:00:00,Tiktok,negatif
Fake tears to clear his name since all of his endorsements are backing out.,1931-03-01 00:00:00,Tiktok,negatif
and scene! ??,1931-03-01 00:00:00,Tiktok,netral
kalau yg kim saeron hamil pas umur 16th tu bnran? ??????,2016-03-01 00:00:00,Tiktok,netral
ihhh gak malu apa ya kim soo hyun,2016-03-01 00:00:00,Tiktok,negatif
fix kim soo hyun jodohnya taeil,2016-03-01 00:00:00,Tiktok,negatif
Terus apa hubungannya si? Emang kim soo hyun terlibat tapi kan masalah utamanya karna kim saeron sendiri yang punya kasus.,2017-03-01 00:00:00,Tiktok,netral
Kim sarron siapa? Kim soo hyun siapa juga?? ga faham??,2017-03-01 00:00:00,Tiktok,netral
"Jangan minta maaf dulu yee lu kim soo hyun, tunggu semua foto keluar semuaaa ??????",2016-03-01 00:00:00,Tiktok,negatif
"We want justice for Kim Sae Ron.. We will not let this end, we are after that man Kim Soo Hyun until he goes to jail! THIS IS NOT A PROBLEM OF KOREA BUT THE ENTIRE WORLD!! #JusticeKimsaeRon",2016-03-01 00:00:00,Tiktok,positif
Baikot tu kim Soo hyun,2016-03-01 00:00:00,Tiktok,negatif
Kim soo hyun dah kakak beradik ma taeil,2017-03-01 00:00:00,Tiktok,negatif
kim soo hyun anj,2016-03-01 00:00:00,Tiktok,negatif
@nadd:pasti ibunya Kim sae ron benci banget sama kim soo hyun,2016-03-01 00:00:00,Tiktok,negatif
"jantung paru paru tenggorokan
kim soo hyun isah isah ra katok an",2017-03-01 00:00:00,Tiktok,netral
Kim Soo Hyun pacaran sama saeron pas saeron udah dewasa,2018-03-01 00:00:00,Tiktok,positif
kak kasian mamak ku suka kim soo hyun sekarang gk suka lagi dulu suka banget sama kim soo hyun??,2017-03-01 00:00:00,Tiktok,netral
kim soo hyun sempak merah,2017-03-01 00:00:00,Tiktok,negatif
tadi gw pas buka x langsung muncul foto Kim soo Hyun pake sempak??,2016-03-01 00:00:00,Tiktok,negatif
rule pertama: jangan pernah debat dengan penggemar kim soo hyun,2018-03-01 00:00:00,Tiktok,netral
lee jin hoo sapeeee,2017-03-01 00:00:00,Tiktok,netral
"""taeil invite Kim Soohyun to group""",2017-03-01 00:00:00,Tiktok,negatif
Brati Kim Soohyun itu dakjal nya Korea....harus di boikot,2017-03-01 00:00:00,Tiktok,negatif
anjirr cuman pake boxer??,2016-03-01 00:00:00,Tiktok,negatif
"Pedofilia emang yahh, Di FB itu pd belain dia blg Kim Sae Ron pansos sama dia, berung si Soo Hyun mau sama dia..bikin emosi..tp capek ladenin hrs pake English,gak puas klu marah gak pake bahasa Kita??",2017-03-01 00:00:00,Tiktok,negatif
"sebenernya cuman minta akui dan minta maaf udah gtu , biar nama baik kimsaeron tuh balik lagi . udah kek gtu tp kayanya susah amat",2016-03-01 00:00:00,Tiktok,positif
"Kim Soo Hyun was 27 years old and had an affair with a 14 year old girl, Sae Ron was a minor. There's evidence but damn South Korea, I've never seen a nation as d*sgust*ng as Koreans!!",2016-03-01 00:00:00,Tiktok,negatif
"dulu kim seron yg mohon"" sama si kim soon hyun sekarang giliran dia yg mohon"" ke keluarganya almarhum buat bisa ketemuan ?? lucu ya ntah siapa yg bener dan yg salah tp aku selalu nangis pas bayangin",2016-03-01 00:00:00,Tiktok,negatif
itu di foto aslinya dia pake boxer,2016-03-01 00:00:00,Tiktok,positif
kyk nya dia janjian deh kak sama si taeil,2017-03-01 00:00:00,Tiktok,negatif
Terus hubunganny apa mb sama hidup sekarang. Kan masa lalu. Hemmm…. Kok nyalahin kim so hyun,2016-03-01 00:00:00,Tiktok,positif
"GM :""TERKAIT FOTO TERSEBUT CELANA KIM SOO HYUN KETUMPAHAN KUAH RAMYEON JADI CELANA NYA TERPAKSA DILEPAS DAN DIJEMUR DULU MENGANTISIPASI AGAR KSH TIDAK MASUK ANGIN??""",2016-03-01 00:00:00,Tiktok,negatif
lebih gila daripada kasus taeil,2017-03-01 00:00:00,Tiktok,negatif
"Sakit jiwa sih kim soo hyun, kesel bnget sumpah.",2016-03-01 00:00:00,Tiktok,negatif
Bener” lu kim soo Hyun????,2016-03-01 00:00:00,Tiktok,negatif
Harusnya kamu liat kehancurannya Kim Sae Ron ??,2017-03-01 00:00:00,Tiktok,negatif
semoga emaknya sae ron ga aneh2 dah.. bnyk yg bilang emaknya bakal di sogok biar foto2nya ga di sebar lagi,2016-03-01 00:00:00,Tiktok,positif
Kalian udh nonton film kim soo hyun yg real blm sumpah itu peran nya dia menjiwai bgt ?????? apa iaa dia seperti itu dunia nyata nya,2017-03-01 00:00:00,Tiktok,positif
kim soo hyun mintaaa maaff ga luuuuu??,2017-03-01 00:00:00,Tiktok,negatif
soo hyun ? taeil,2021-03-01 00:00:00,Tiktok,netral
entah itu telenji atau gak..yg penting itu dapur kim seo ron..berarti mereka emang sedekat itu,2017-03-01 00:00:00,Tiktok,positif
kim soo hyun STRESSS.,2016-03-01 00:00:00,Tiktok,negatif
itu beneran kim soo hyun?,2016-03-01 00:00:00,Tiktok,netral
ini drama tayang setiap hari apa aja guys?,2016-03-01 00:00:00,Tiktok,netral
"katanya itu apt GM cenah, dahlah??",2016-03-01 00:00:00,Tiktok,netral
ksh tu pkai celana pendek weee,2016-03-01 00:00:00,Tiktok,positif
kangcu jangan minta maaf duluh deh makin hari makin seruh ni????,2016-03-01 00:00:00,Tiktok,negatif
"she's a minor,she was in love she's naive and the adults took advantage of her periodt. the adults including the agency should have done better to protect her. Stop spreading hates! Words kills too.",2016-03-01 00:00:00,Tiktok,positif
Dia pake celana pendek,2016-03-01 00:00:00,Tiktok,positif
pertama gak??,2016-03-01 00:00:00,Tiktok,netral
ohh itu diaa tadi lewat di X cokk ??,2016-03-01 00:00:00,Tiktok,netral
like artist like agency ??????,2016-03-01 00:00:00,Tiktok,netral
HAHAH BENERAN DIKELUARIN,2016-03-01 00:00:00,Tiktok,negatif
Andai Indo gini yaakk bukannya malah diundang tv tv,2016-03-01 00:00:00,Tiktok,negatif
Weii..stop doing what are you doing..its not good to viral about people privacy.Use your brain..Dont do content like this..,2016-03-01 00:00:00,Tiktok,positif
"Pengen bngt ngerti sama kasusnya dg ngikutin beritanya, tp ttp aja gak ngerti ????????",2017-03-01 00:00:00,Tiktok,netral
"sori mau nanya,aku ngga ngikutin berita ini,kok bisa mereka sampe pacaran padahal yg dulu posisinya si cewe masih di bawah umur sedangkan si cowok udah umur 27 klo gak salah",2016-03-01 00:00:00,Tiktok,netral
bukan fansnya...tp knp sih? di indo anak SD udh panggil ayh bunda tuh...,2017-03-01 00:00:00,Tiktok,netral
wajar lah namanya juga pacaran..,2017-03-01 00:00:00,Tiktok,positif
mukanya mana kak,2016-03-01 00:00:00,Tiktok,netral
Menyala neti indo ??????,2017-03-01 00:00:00,Tiktok,netral
GK keliatan muka KSY makin yakin KLO KSY tda bersala,2017-03-01 00:00:00,Tiktok,positif
ini kenapa si dari kemaren rame gw gapaham??,2017-03-01 00:00:00,Tiktok,netral
yg hamil itu bener gaa??,2016-03-01 00:00:00,Tiktok,netral
Kalo kim jong un ngapain??,2016-03-01 00:00:00,Tiktok,netral
btw ortu KSR tau kalo KSR pacaran sama KSH pas masih di bawah umur? dilarang gak? atau gimana?,2016-03-01 00:00:00,Tiktok,netral
biarin biarin,2016-03-01 00:00:00,Tiktok,netral
gercep,2016-03-01 00:00:00,Tiktok,netral
widih gercep,2016-03-01 00:00:00,Tiktok,netral
kok pada jadi pahlawan ksh siii??,2016-03-01 00:00:00,Tiktok,negatif
makin hari makin gonggggggg??,2016-03-01 00:00:00,Tiktok,negatif
"woi ksh, lu seumur mak gw anj",2016-03-01 00:00:00,Tiktok,negatif
minta maaf doang pliss????,2016-03-01 00:00:00,Tiktok,positif
itu dia pakai celana pendek waena abu.. uda gitu aja,2016-03-01 00:00:00,Tiktok,netral
"pertanyaannya knp baru sekrg dibuka? udh meninggal orangnya loh, kasian bgt pasti berat buat KSR ??",2017-03-01 00:00:00,Tiktok,netral
"700jt won = 9,1M kan",2017-03-01 00:00:00,Tiktok,netral
"Sebenarnya ada lho detail foto"" kpn nya di perincian.. Jd bsa jls walau mengaku sudah bubar kpn",2017-03-01 00:00:00,Tiktok,positif
kata itu dia pake shortpans?,2016-03-01 00:00:00,Tiktok,netral
untung ga pernah suka ksh??,2016-03-01 00:00:00,Tiktok,netral
"aktor drakor yg gw suka itu termasuk dia, sumpah kecewa banget gw, kebayang bayang muluk mikirin dia, gw scrol IG dia sumpah mau nangis??",2016-03-01 00:00:00,Tiktok,positif
JANGAN SAMPE KETUTUP KASUS INI GARA GARA KASUS YG YANG DATA NYA KEBONGKAR OKE,2025-02-04 00:00:00,Tiktok,positif
kkk Jungwon lagi,2021-03-01 00:00:00,Tiktok,netral
tinggal post cctv rumah buat bukti,2020-03-01 00:00:00,Tiktok,positif
aktor termahal di Korea malah kena kasus??,2019-03-01 00:00:00,Tiktok,netral
"other : ramyeon mokkgeogallae?
ksh : cuci piring gatci hallae?",2019-03-01 00:00:00,Tiktok,netral
Dapat vidio nya dari mana woii,2018-03-01 00:00:00,Tiktok,netral
Lee ji ho siapa?,2017-03-01 00:00:00,Tiktok,netral
netizen PDA sotoy kntl PDA sok tau,2017-03-01 00:00:00,Tiktok,netral
sebenarnya kalo bias bias di indo di gituin rela rela aja kyk nya kan?,2017-03-01 00:00:00,Tiktok,netral
sumpah gw gatau sedalam itu tentang kasus ini tapi....Sae Ron beneran hamil kah saat itu???,2017-03-01 00:00:00,Tiktok,netral
Kasus apaan dah ga ngerti,2017-03-01 00:00:00,Tiktok,netral
hadeh bener² lu sohyun,2017-03-01 00:00:00,Tiktok,negatif
Siapa yg motoin woiiii??????,2017-03-01 00:00:00,Tiktok,netral
ini lihatnya di aplikasi mana kak?,2017-03-01 00:00:00,Tiktok,netral
bisa di jadiin drama nih kisah nyata biar jelas bgt….,2017-03-01 00:00:00,Tiktok,netral
emg bacanya kim suh yon ya???,2017-03-01 00:00:00,Tiktok,netral
ini knp sii ketinggalan bgtt????,2017-03-01 00:00:00,Tiktok,netral
"gw fansnya ksh, MNRT gw minta maaf ajalah biar kasusnya gak panjang",2017-03-01 00:00:00,Tiktok,positif
terus pas lagi pacaran dulu kenapa ga dilarang ?,2017-03-01 00:00:00,Tiktok,negatif
kakk kimsohyun kann bukan kimsuhyon,2017-03-01 00:00:00,Tiktok,netral
ini lah laki laki ganteng yg di kagumi wanita mkn tu ganteng,2017-03-01 00:00:00,Tiktok,negatif
apaan tuh,2017-03-01 00:00:00,Tiktok,netral
one day one juz ??one day one photo ??,2017-03-01 00:00:00,Tiktok,netral
Yakan emg dia pacaran??,2017-03-01 00:00:00,Tiktok,positif
sifat baik mu yang orang tau.. itu karangan agensi...,2017-03-01 00:00:00,Tiktok,negatif
semangat ibu nya,2017-03-01 00:00:00,Tiktok,positif
gmn yaa harusnya seron juga harus tau dirinya kalo masi di bawah umur waktu itu njir,2017-03-01 00:00:00,Tiktok,negatif
ibunyaa smoga teguh pendirian????,2017-03-01 00:00:00,Tiktok,positif
"Ndak apa si ngaku, yg penting duit 7m nya di kembalikan hahahha",2017-03-01 00:00:00,Tiktok,negatif
Sok ganteng pntk,2017-03-01 00:00:00,Tiktok,negatif
padahal ibunya cuma mau merea minta maaf,2017-03-01 00:00:00,Tiktok,positif
KENAPA SIII GUA GANGERTII,2016-03-01 00:00:00,Tiktok,netral
liat di mana sih gays,2016-03-01 00:00:00,Tiktok,netral
drakor yang bikin strauma kali ini??,2016-03-01 00:00:00,Tiktok,netral
difoto itu Soohyun pake celana pendek ga si?,2016-03-01 00:00:00,Tiktok,netral
sumpah...kim cang cut,2016-03-01 00:00:00,Tiktok,negatif
ya allah gak di x di ig di tele di tiktok isinya ksh doang ????,2016-03-01 00:00:00,Tiktok,netral
semangat Kim Sooh yun,2016-03-01 00:00:00,Tiktok,positif
krna apa?,2016-03-01 00:00:00,Tiktok,netral
"kemarin dihubungi saeron kaga mau, sekarang merasakan ditelpon gak direspon??",2016-03-01 00:00:00,Tiktok,negatif
udalah cape tiap buka ig fb tiktok x berita ini mula??,2016-03-01 00:00:00,Tiktok,negatif
"lagian si saeron mau"" aja??",2016-03-01 00:00:00,Tiktok,negatif
tag cewenya,2016-03-01 00:00:00,Tiktok,netral
keset kakinya juga sama ditempat yang sama,2016-03-01 00:00:00,Tiktok,negatif
btw siapa yg motoin,2016-03-01 00:00:00,Tiktok,netral
bisa jadi lee jinho itu dibagar sama GM,2016-03-01 00:00:00,Tiktok,negatif
gk mau salah soo hyun????,2016-03-01 00:00:00,Tiktok,negatif
Kirain nonton drama tau nya real live ??,2016-03-01 00:00:00,Tiktok,netral
siapa yg fotoin ya,2016-03-01 00:00:00,Tiktok,netral
Bl,2016-03-01 00:00:00,Tiktok,netral
"mngkin yng bela ksh ni t k pernah jdi mangsa pedo/child grooming kot sbb tu tnpa rasa bersalah sokong ksh,mmang lh dia bercinta suka sma suka tpi kau phm tak bercinta dgn bdk bwh umur tu tk normal !",2016-03-01 00:00:00,Tiktok,negatif
tidak fhm,2017-03-01 00:00:00,Tiktok,netral
GAK EXPECT ANJ,2016-03-01 00:00:00,Tiktok,negatif
tôn tr?ng,2016-03-01 00:00:00,Tiktok,netral
itu di edit poto nya anjir,2016-03-01 00:00:00,Tiktok,negatif
"pas pacaran ama kim sae ron dia emang pacaran sama sohee wonder girls sekitaran tahun 2017, udah jadi rahasia umum dia selalu bolak balik apartemen sohee",6d ago,Tiktok,netral
ahn so hee be like : bjirrr gue dibawa-bawa lagi hidup tenang2 nya ??,4d ago,Tiktok,netral
support Kim Soo Hyun ??,6d ago,Tiktok,positif
Lawannya kuat ya bakal kalah pihak sae ron,6d ago,Tiktok,netral
Star kim soo hyun??,6d ago,Tiktok,positif
sohee wonder girls. ada beritanya,4d ago,Tiktok,netral
lebih drama dari dramanya hybe njirr????,6d ago,Tiktok,netral
STaR kiM sOoHyuN ??,6d ago,Tiktok,netral
kim sae ron mengadu langsung ke pusatya,6d ago,Tiktok,netral
A itu ahn soo hee ex wonder girl yg dr idol jd aktris (maen film di train to busan) zaman it emang lg trkenal bgt wonder girl krn lagunya No body dll,6d ago,Tiktok,netral
emang pernah denger dia pernah pacaram sama sohee wonder girls. Selingkuh gitu??,6d ago,Tiktok,netral
Sulli kah? Eh,5d ago,Tiktok,netral
support Kim Soo Hyun ??,6d ago,Tiktok,positif
tetap semangat Kim Soo Hyun ????????,4d ago,Tiktok,positif
Star kim soo hyun,6d ago,Tiktok,positif
kimsoohyun ??????????,6d ago,Tiktok,positif
tim yang dukung kim Soo Hyun terus.,6d ago,Tiktok,positif
Always support Kim Soohyun ????????,4d ago,Tiktok,positif
KimSooHyun ??????,5d ago,Tiktok,positif
Lebih percaya KSR dr pada KSH ... sorry ??????,6d ago,Tiktok,positif
byk alasan,6d ago,Tiktok,negatif
"padahal masalahnya tuh ksh tuh pacaran sama bocil, masalah pacarnya/mantanya mereka siapa tuh kita ga peduli.",6d ago,Tiktok,negatif
"HAHAHA kalo knetz udah jengkel jgn harap bisa eksis seperti semula, bakal dibahas 7 turunan?? yg punya skandal cinta sebelum debut aja diserang abis abisan, apalgi ini berhubungan dengan nyawa????",6d ago,Tiktok,negatif
"2017-2019 pacaran sama orang lain, tpi di taun 2018 kirim surat ke KSR bilang merindukan mu, Hebat deh pokoknya KSH tuh",6d ago,Tiktok,netral
